MSOA11CD,Local authority,covid_19_deaths_per_thousand,total_population_mid_2018,death_rate,over_70_prop,proportion_at_risk_jobs,all_black_prop,Hypertension,Obesity (18+),Diabetes
E02000001,City of London,0.344589938,8706,0.039580742,0.123592924,0.120794148,0.026169492,7.95,3.62,2.7
E02000002,Barking and Dagenham,0.259067358,7720,0.033557948,0.10388601,0.345813205,0.167232472,9.26,6.15,4.99
E02000003,Barking and Dagenham,0.271468645,11051,0.024565075,0.085965071,0.30909892,0.161075162,10.33,7.6,5.79
E02000004,Barking and Dagenham,1.366535074,6586,0.207490901,0.124658366,0.311406578,0.104982206,9.34,8.36,4.95
E02000005,Barking and Dagenham,0.488806335,10229,0.047786327,0.066282139,0.33713491,0.168768979,9.37,8.79,5.15
E02000007,Barking and Dagenham,0.889064507,10123,0.087826189,0.0807073,0.350692354,0.227164145,10.12,7.25,4.76
E02000008,Barking and Dagenham,0.791452315,12635,0.062639677,0.072497032,0.330408074,0.173740168,10.26,8.89,5.58
E02000009,Barking and Dagenham,0.603864734,11592,0.052093231,0.047532781,0.33238068,0.188326385,9.74,7.36,5.09
E02000010,Barking and Dagenham,0.652386648,9197,0.070934723,0.064586278,0.330713246,0.190481718,10.45,9.12,4.86
E02000011,Barking and Dagenham,0.859229557,6983,0.123045905,0.092080768,0.32542251,0.185227089,10.88,8.37,4.99
E02000012,Barking and Dagenham,0.265721878,11290,0.023536039,0.076173605,0.297468354,0.097997573,10.98,8.13,6.9
E02000013,Barking and Dagenham,0.449488707,8899,0.050510024,0.063265535,0.336147121,0.177576767,10.22,7.91,4.93
E02000014,Barking and Dagenham,0.299520767,10016,0.02990423,0.073981629,0.338688438,0.175494576,9.98,9.71,4.98
E02000015,Barking and Dagenham,0.371793283,8069,0.046076748,0.064939893,0.32538036,0.252941954,9.71,8.48,4.68
E02000016,Barking and Dagenham,0.100563154,9944,0.010112948,0.021520515,0.308330772,0.270062533,7.69,6.63,5.05
E02000017,Barking and Dagenham,0.321508949,9331,0.034456001,0.059050477,0.304440308,0.12544128,9.41,7.85,6.67
E02000018,Barking and Dagenham,0.612932884,9789,0.062614453,0.056491981,0.341101078,0.198987627,10.33,7.91,5.18
E02000019,Barking and Dagenham,0.546567556,9148,0.059747219,0.060668999,0.328301887,0.220637989,10.87,9.84,5.38
E02000020,Barking and Dagenham,0.153668844,13015,0.011807057,0.054936612,0.319638455,0.217119448,9.3,7.96,5.74
E02000021,Barking and Dagenham,0.668896321,8970,0.074570381,0.068896321,0.318113548,0.280743927,10.21,8.78,4.89
E02000022,Barking and Dagenham,0.359109409,8354,0.042986522,0.029087862,0.34629445,0.358778626,8.06,7.52,5.19
E02000023,Barking and Dagenham,0.250469631,7985,0.031367518,0.032936756,0.344956413,0.360536871,8.82,7.84,4.94
E02000024,Barnet,0.546050237,10988,0.049695143,0.147524572,0.242840779,0.023828279,12.19,4.93,4.76
E02000025,Barnet,1.419950302,8451,0.168021572,0.1199858,0.262347188,0.046505782,10.36,5.5,4.55
E02000026,Barnet,0.301704631,6629,0.045512842,0.137124755,0.259016393,0.037858387,11.36,5.24,4.74
E02000027,Barnet,0.922792987,9753,0.094616322,0.111452886,0.301236329,0.094394666,11.43,4.86,4.86
E02000028,Barnet,0.298819662,6693,0.044646595,0.117734947,0.244402985,0.048167369,10.73,5.52,4.54
E02000029,Barnet,0.746109572,9382,0.079525642,0.09166489,0.27076412,0.058706117,11.36,6.14,4.68
E02000030,Barnet,0.645994832,9288,0.069551554,0.168281654,0.236673774,0.039868565,11.11,4.77,4.4
E02000031,Barnet,1.423395445,7728,0.184186781,0.156573499,0.246617813,0.047573348,11.41,4.76,4.48
E02000032,Barnet,0.634276291,7883,0.080461283,0.134466574,0.260291819,0.035255186,12.38,5.98,5.03
E02000033,Barnet,0.78484135,8919,0.087996564,0.107747505,0.270210681,0.062902659,11.23,6.11,4.69
E02000034,Barnet,0.862440707,9276,0.092975497,0.119987063,0.259188997,0.055594734,11.59,5.04,4.64
E02000035,Barnet,1.443963123,9003,0.160386885,0.125402644,0.231781623,0.042686755,11.68,4.62,4.97
E02000036,Barnet,0.777403472,11577,0.067150684,0.103826553,0.277710843,0.123056874,11.43,6.08,5.51
E02000037,Barnet,1.059934477,10378,0.102132827,0.117074581,0.254222022,0.079149985,11.96,6.13,5.73
E02000038,Barnet,1.734304544,11532,0.150390613,0.09356573,0.253079507,0.078561917,10.41,5.11,4.99
E02000039,Barnet,0.825536599,7268,0.113585113,0.115850303,0.230357143,0.064868914,11.38,6.05,4.38
E02000040,Barnet,1.097560976,8200,0.133848899,0.109268293,0.255835962,0.097957482,10.81,5.26,4.4
E02000041,Barnet,0.702035904,9971,0.070407773,0.106709457,0.272967773,0.093632959,11.12,6.07,5.49
E02000042,Barnet,1.070046917,12149,0.088076954,0.10181908,0.245110353,0.052824514,11.66,4.64,5.27
E02000043,Barnet,0.610128127,8195,0.074451266,0.111897498,0.210192765,0.026117464,11.58,4.73,5.53
E02000044,Barnet,0.563443768,8874,0.063493776,0.070655849,0.304323878,0.150043365,10.7,7.49,5.3
E02000045,Barnet,0.275027503,10908,0.025213376,0.075907591,0.279475127,0.088600176,9.41,5.34,4.61
E02000046,Barnet,0.527565286,7582,0.069581283,0.090873121,0.232106855,0.039926377,10.32,4.18,5.17
E02000047,Barnet,0.564607195,12398,0.045540183,0.074205517,0.321277878,0.157126528,10.59,6.09,5.45
E02000048,Barnet,0.187881635,10645,0.017649754,0.120338187,0.241612111,0.062442701,10.01,4.33,4.25
E02000049,Barnet,0.43047783,9292,0.046327791,0.052195437,0.364990689,0.296248383,10.86,6.97,5.77
E02000050,Barnet,0.550206327,10905,0.0504545,0.095827602,0.257376396,0.09131558,10.82,4.57,5.39
E02000051,Barnet,0.825934338,9686,0.085270941,0.141647739,0.205495267,0.052503759,10.17,3.38,4.55
E02000052,Barnet,0.283393161,10586,0.026770561,0.089835632,0.219744059,0.061765312,8.53,2.93,3.76
E02000053,Barnet,0.063926357,15643,0.004086579,0.046474461,0.285371703,0.126250431,9.13,5.62,4.8
E02000054,Barnet,1.050420168,7616,0.137922816,0.081144958,0.250959956,0.091174022,9.69,4.67,4.22
E02000055,Barnet,0.590169463,11861,0.049757142,0.093246775,0.259433077,0.069631626,9.78,4.46,4.31
E02000056,Barnet,0.961846746,9357,0.102794351,0.141177728,0.178539427,0.021710812,9.49,3.89,3.5
E02000057,Barnet,1.104701117,8147,0.135596062,0.082116116,0.259237707,0.043693212,9.56,4.15,4.34
E02000058,Barnet,0.273997625,10949,0.0250249,0.128230889,0.211351459,0.033072407,9.27,3.34,3.46
E02000059,Barnet,1.200892091,11658,0.10301013,0.078229542,0.278948425,0.112056602,11.08,5.62,5.61
E02000060,Barnet,0.728273183,12358,0.058931314,0.096536656,0.228863291,0.034065934,9.29,3.35,3.9
E02000061,Barnet,1.113585746,8980,0.124007321,0.104454343,0.204636858,0.032322476,8.7,3.19,3.54
E02000062,Barnet,0.439496045,6826,0.064385591,0.061968942,0.294354839,0.153943218,8.81,4.74,4.26
E02000063,Barnet,0.51579626,7755,0.066511446,0.083558994,0.268022181,0.11146177,9.85,4.96,4.33
E02000064,Barnet,0,6851,0,0.084075317,0.284974093,0.104353393,9.48,4.9,3.92
E02000065,Bexley,0,8992,0,0.049710854,0.357621951,0.437516306,11.64,7.67,5.15
E02000066,Bexley,0.297944185,10069,0.029590246,0.076075082,0.344290657,0.31791308,11.05,8.09,5.1
E02000067,Bexley,0.292198305,10267,0.02845995,0.074607967,0.29754902,0.164,10.52,7.78,4.75
E02000068,Bexley,0.367556971,8162,0.045032709,0.066650331,0.29260843,0.210341094,12.12,9.76,5.71
E02000069,Bexley,0.444049734,6756,0.065726722,0.124777975,0.287089872,0.121730707,11.95,8.93,5.34
E02000070,Bexley,0,8064,0,0.142237103,0.286237572,0.066412698,11.03,7.1,4.67
E02000071,Bexley,0.391747192,7658,0.051155288,0.100026116,0.272676056,0.053561644,12.39,9.4,5.21
E02000072,Bexley,0.077814956,12851,0.006055167,0.059139367,0.308773424,0.207346174,10.5,10,4.88
E02000073,Bexley,0.549349936,10922,0.050297559,0.140358909,0.274563107,0.046717643,13.35,7.19,5.03
E02000074,Bexley,0.820921778,8527,0.096273224,0.102263399,0.302483737,0.10711953,11.79,10.03,5.12
E02000075,Bexley,0.484202881,8261,0.058613107,0.17140782,0.26828651,0.029189733,13.52,6.99,4.98
E02000077,Bexley,1.092100473,8241,0.132520383,0.120131052,0.292244479,0.046785121,13.36,8.84,5.11
E02000078,Bexley,0.631871604,7913,0.079852345,0.141412865,0.26125902,0.041226354,13.51,8.94,5.24
E02000079,Bexley,2.193995381,8660,0.253348196,0.153464203,0.269172169,0.027082009,12.78,5.52,4.65
E02000080,Bexley,0.098289758,10174,0.009660877,0.124827993,0.271400566,0.04835631,12.44,8.15,4.91
E02000081,Bexley,0.37327361,8037,0.046444396,0.15304218,0.280169972,0.02994809,13.25,6.89,4.88
E02000082,Bexley,0.542829226,9211,0.058932714,0.122570839,0.29440967,0.036728256,12.25,7.8,4.68
E02000083,Bexley,0.262697023,11420,0.023003242,0.100788091,0.267070009,0.053730427,11.07,6.52,4.5
E02000084,Bexley,0.090686497,11027,0.008224041,0.135939059,0.256964809,0.030636218,12.51,5.89,4.74
E02000085,Bexley,0.249875062,8004,0.031218773,0.126811594,0.281847529,0.027112631,11.43,6.32,4.75
E02000086,Bexley,0.546896363,7314,0.074773908,0.137544435,0.246021393,0.012418122,11.33,5.96,4.54
E02000087,Bexley,0.248169748,8059,0.030794112,0.166025561,0.236941303,0.018208207,11.6,5.38,4.46
E02000088,Bexley,0.256607647,7794,0.032923742,0.147677701,0.261340726,0.014346646,12.64,5.84,4.92
E02000089,Bexley,1.011633789,7908,0.127925365,0.151997977,0.27218319,0.021457022,12.49,6.63,4.96
E02000090,Bexley,0.943198491,9542,0.098847044,0.153846154,0.253968254,0.019711208,11.92,5.56,4.76
E02000091,Bexley,0.903070439,9966,0.090615135,0.180212723,0.261535049,0.023858707,12.38,5.48,4.82
E02000092,Bexley,1.030320871,6794,0.151651585,0.116131881,0.299394802,0.047152194,11.94,5.31,4.8
E02000093,Brent,1.255943303,11147,0.11267097,0.101551987,0.259923664,0.095837545,13.26,6.49,7.92
E02000094,Brent,0.653381248,9183,0.071151176,0.093760209,0.287731256,0.134461468,12.29,5.31,6.41
E02000095,Brent,0.700420252,9994,0.070084076,0.118471083,0.245606422,0.076201996,12.16,5.64,7.78
E02000096,Brent,0.936454849,7475,0.125278241,0.161204013,0.218823529,0.041458278,10.95,6.25,6.47
E02000097,Brent,1.099263493,9097,0.120838023,0.098603935,0.279551548,0.116208975,10.77,5.73,6.87
E02000098,Brent,2.370510845,8437,0.280966083,0.103591324,0.243221477,0.127265861,11.39,6.74,6.81
E02000099,Brent,0.559221564,8941,0.062545751,0.087685941,0.24938935,0.139657747,11.05,6.38,6.84
E02000100,Brent,0.680812436,8813,0.077250929,0.115397708,0.309022022,0.083094897,10.65,4.74,6.46
E02000101,Brent,1.562825589,9598,0.162828255,0.099291519,0.272727273,0.225246464,10.33,8.84,5.95
E02000102,Brent,1.197764174,7514,0.159404335,0.078387011,0.278392914,0.234236548,11.79,8.63,6.33
E02000103,Brent,0.433980688,9217,0.047084809,0.095367256,0.284891692,0.210936604,11.59,6.48,5.65
E02000104,Brent,1.373437715,7281,0.188633116,0.125120176,0.251766217,0.132702823,10.16,8.13,6.29
E02000105,Brent,0.616903146,9726,0.063428249,0.080403043,0.256380777,0.13931754,10.32,5.15,6.67
E02000106,Brent,1.126549005,10652,0.105759388,0.073695081,0.287707641,0.219438191,11.5,8.65,6.45
E02000107,Brent,0.173415417,11533,0.015036453,0.07075349,0.264813844,0.128226712,8.88,4.69,4.63
E02000108,Brent,0.901713255,6654,0.135514466,0.088518185,0.250402317,0.149605103,11.17,5.13,7.01
E02000109,Brent,1.085860544,12893,0.084220937,0.069960444,0.261561307,0.220397405,10.04,7.46,6.01
E02000110,Brent,0.463929483,8622,0.053807641,0.079563906,0.255104382,0.139854087,9.38,4.8,4.69
E02000111,Brent,0.926097425,10798,0.085765644,0.078625671,0.252159258,0.119914128,9.41,5.01,6.62
E02000112,Brent,0.762485703,10492,0.072673056,0.076343881,0.269482577,0.178011026,10.07,6.3,6.88
E02000113,Brent,0.815078961,9815,0.083044214,0.068874172,0.325124597,0.441740031,11.76,5.32,7.13
E02000114,Brent,0.492610837,10150,0.048533087,0.065320197,0.267256993,0.150721421,10.17,4.81,4.87
E02000115,Brent,0.453977982,8811,0.051524002,0.081262059,0.216677195,0.116786571,8.58,4.36,3.76
E02000116,Brent,0.639249947,9386,0.068106749,0.052844662,0.303070408,0.228995462,11.12,5.26,5.62
E02000117,Brent,2.14954706,13026,0.165019734,0.073929065,0.309082988,0.418296845,11.56,6.33,6.68
E02000118,Brent,1.353703346,10342,0.130893768,0.07464707,0.254663969,0.151193634,10.75,4.39,7.35
E02000119,Brent,1.222222222,9000,0.135802469,0.068777778,0.326490328,0.511589404,11.63,5.98,7.05
E02000120,Brent,0.216990344,9217,0.023542405,0.071172833,0.224378741,0.122422401,8.99,4.66,3.71
E02000121,Brent,1.393663477,10763,0.129486526,0.074979095,0.232704403,0.083958357,11.28,4.24,7.42
E02000122,Brent,1.02406554,7812,0.131088779,0.104326677,0.23787915,0.1159797,9.43,4.93,4.43
E02000123,Brent,0.754527163,15904,0.047442603,0.05306841,0.280720339,0.33066105,11.17,6.88,6.54
E02000124,Brent,0.592534071,10126,0.058516104,0.075943117,0.216216216,0.125611426,9.09,4.21,4.14
E02000125,Brent,0.478377344,10452,0.045768977,0.085629545,0.248768891,0.18779473,11.14,6.24,5.94
E02000126,Brent,0.630994447,7924,0.079630798,0.071933367,0.314347961,0.39318328,9.55,6.59,4.78
E02000127,Bromley,0.211617818,9451,0.02239105,0.092053751,0.294889314,0.096546033,12.03,6.87,4.44
E02000128,Bromley,0.128139416,7804,0.01641971,0.12942081,0.259871932,0.027968193,13.69,5.96,4.29
E02000130,Bromley,0.115928588,8626,0.013439438,0.084511941,0.242897727,0.163507708,10.41,6.4,4.33
E02000131,Bromley,0.569746463,10531,0.054101839,0.045579717,0.236130583,0.219566674,9.5,6.51,4.1
E02000132,Bromley,0.490918017,10185,0.0482001,0.101030928,0.209979633,0.0679351,9.88,4.54,3.41
E02000133,Bromley,0.377109456,10607,0.035552885,0.161968511,0.175191816,0.020820321,12.21,4.57,3.74
E02000134,Bromley,0.586313762,11939,0.049109118,0.090124801,0.226936952,0.051239209,11.21,4.76,3.95
E02000135,Bromley,0.664325709,10537,0.06304695,0.063775268,0.300519358,0.283542223,10.36,7.23,4.71
E02000136,Bromley,1.390095569,5755,0.241545711,0.172545613,0.261934939,0.039280726,12.47,7.42,4.49
E02000137,Bromley,0.70663055,8491,0.083221122,0.151218938,0.227624577,0.039611551,10.93,4.17,3.63
E02000138,Bromley,0.583294447,8572,0.068046482,0.183504433,0.199299883,0.038810484,11.94,4.68,3.79
E02000139,Bromley,0.636780438,7852,0.081097865,0.085328579,0.233309056,0.06630972,10.37,5.22,3.74
E02000140,Bromley,0.571493885,8749,0.065321052,0.091096125,0.289913366,0.084442234,13.02,10.08,5.17
E02000141,Bromley,0.403280011,7439,0.054211589,0.080118295,0.260786974,0.165994236,10.71,6.58,4.47
E02000142,Bromley,0.452488688,8840,0.051186503,0.124886878,0.234225621,0.034520217,10.21,4.34,3.62
E02000144,Bromley,0.405227434,9871,0.041052318,0.105257826,0.223110924,0.047344776,10.1,3.71,3.73
E02000145,Bromley,0.109015589,9173,0.011884399,0.088520658,0.28278565,0.113653228,13.39,9.23,5.01
E02000146,Bromley,0.735603195,9516,0.077301723,0.114123581,0.235524798,0.032916867,11.09,5.71,3.88
E02000147,Bromley,0.602918124,8293,0.072702053,0.149764862,0.235714286,0.025222738,11.25,4.16,3.7
E02000148,Bromley,0.148367953,6740,0.022013049,0.158160237,0.22459382,0.023690205,12.65,5.83,4.12
E02000149,Bromley,0.616446801,8111,0.076001332,0.11367279,0.274113082,0.05150493,12.4,7.74,4.87
E02000150,Bromley,0.115380178,8667,0.013312585,0.119072343,0.263119176,0.062148246,11.45,4.52,3.92
E02000151,Bromley,0.261267146,7655,0.034130261,0.166557805,0.210055866,0.013731186,13.18,5.38,4.21
E02000152,Bromley,0,7927,0,0.100290148,0.304212707,0.061168594,12.75,7.2,4.31
E02000153,Bromley,0.126374321,7913,0.015970469,0.137495261,0.257814518,0.023726628,13.5,4.74,3.89
E02000154,Bromley,0,8509,0,0.142672464,0.243695381,0.02977761,12.93,5.95,4.61
E02000155,Bromley,0.430230891,6973,0.06169954,0.189731823,0.26442456,0.040115858,14.02,7.17,5.15
E02000156,Bromley,0.735354196,12239,0.060082866,0.174033826,0.252985329,0.025467174,13.42,5.2,4.23
E02000157,Bromley,0.847252481,8262,0.10254811,0.180827887,0.232633279,0.009668508,14.33,6.33,4.58
E02000158,Bromley,0.383386581,7825,0.04899509,0.159361022,0.259744409,0.053367735,13.72,5.91,4.85
E02000159,Bromley,0.574547544,6962,0.08252622,0.175237001,0.243251629,0.020111568,14.04,6.29,4.22
E02000160,Bromley,0.497636228,8038,0.061910454,0.153894003,0.270401637,0.015147658,14.8,5.35,4.22
E02000161,Bromley,0.567665758,8808,0.064448883,0.141689373,0.26345879,0.022711058,14.13,5.07,4.66
E02000162,Bromley,0.572246066,6990,0.08186639,0.203433476,0.277018229,0.017032721,15.43,6.13,4.68
E02000163,Bromley,0.386398764,7764,0.049768001,0.166409067,0.242273442,0.012679739,14.34,5.17,4.42
E02000165,Bromley,0.286368843,6984,0.041003557,0.113402062,0.294965849,0.009652236,15.98,6.39,4.49
E02000166,Camden,0.439947206,9092,0.048388386,0.136053674,0.207424128,0.057294296,9.87,3.88,3.23
E02000167,Camden,0.105965879,9437,0.011228768,0.145597118,0.154615734,0.018630413,10.76,3.09,2.54
E02000168,Camden,0.210504157,9501,0.022156,0.09314809,0.190137717,0.056779246,10.43,4.27,3.65
E02000169,Camden,0.543537341,9199,0.059086568,0.121752364,0.144669366,0.024486055,9.33,2.84,2.4
E02000170,Camden,0.206398349,9690,0.021300139,0.081630547,0.193111686,0.045814344,8.5,3.38,3.03
E02000171,Camden,0.422654269,9464,0.044659158,0.094040575,0.193117978,0.042849834,10.17,4.06,3.15
E02000172,Camden,0.826377985,12101,0.068290057,0.079001735,0.255945373,0.120232581,10.79,5.08,4.37
E02000173,Camden,0,9893,0,0.089052866,0.192228571,0.038697068,9.29,3.34,2.53
E02000174,Camden,0.390777648,10236,0.038176792,0.067702227,0.192266148,0.10087216,9.03,3.99,3.54
E02000175,Camden,0.355871886,11240,0.0316612,0.062811388,0.165972851,0.074367089,8.19,3.41,2.59
E02000176,Camden,0.13065064,7654,0.01706959,0.102430102,0.139336016,0.022438412,9.78,3.73,2.78
E02000177,Camden,0.477828746,10464,0.045664062,0.096712538,0.233527132,0.123491283,11.16,5.09,4.27
E02000178,Camden,0.287797391,10424,0.027609113,0.062356101,0.210805301,0.126679463,9.87,5.06,3.77
E02000179,Camden,0.263956711,7577,0.034836573,0.106110598,0.195082498,0.099699795,9.51,3.64,2.82
E02000180,Camden,0.204834084,9764,0.020978501,0.061347808,0.225093168,0.109607413,8.67,4.23,3.68
E02000181,Camden,0.109421162,9139,0.011972991,0.07254623,0.139855819,0.038012455,9.34,4.26,3.22
E02000182,Camden,0.345821326,8675,0.03986413,0.101325648,0.170327921,0.064207854,8.18,3.52,2.68
E02000183,Camden,0.348351138,8612,0.040449505,0.110775662,0.176744186,0.057121193,10.64,3.44,3.02
E02000184,Camden,0.390205834,10251,0.038065148,0.053750854,0.264713248,0.119455078,9.4,4.54,3.93
E02000185,Camden,0.502310629,9954,0.050463194,0.095639944,0.232786017,0.144873341,11.13,5.42,4.28
E02000186,Camden,0.366748166,8180,0.044834739,0.07603912,0.211236574,0.085838194,10.16,4.54,4.33
E02000187,Camden,0.631142368,11091,0.056905813,0.064556848,0.316620879,0.150214592,9.37,4.94,4.52
E02000188,Camden,0.450298323,8883,0.050692145,0.064505235,0.31981227,0.108026917,9.45,4.27,4.73
E02000189,Camden,0.141183114,7083,0.019932672,0.055626147,0.236092266,0.146702557,6.52,3.34,2.87
E02000190,Camden,0.351288056,8540,0.041134433,0.073653396,0.240806223,0.079282869,6.29,3.24,2.65
E02000191,Camden,0,8703,0,0.05297024,0.238278741,0.06362545,4.1,2.26,1.81
E02000192,Camden,0.683060109,8784,0.077761852,0.070924408,0.193168772,0.089842113,6.58,3.66,2.75
E02000193,Camden,0.232693426,8595,0.027073115,0.084700407,0.206406551,0.053997379,7.4,3.84,2.89
E02000194,Croydon,1.381509033,9410,0.146812862,0.077258236,0.246945899,0.207911684,9.16,5.29,3.61
E02000195,Croydon,1.118681989,9833,0.113768127,0.104647615,0.283578759,0.220826049,10.29,6.4,5.26
E02000196,Croydon,1.236552492,8087,0.152906206,0.100160752,0.300999412,0.265703093,10.54,7.98,5.75
E02000197,Croydon,0.521213385,9593,0.054332678,0.091837798,0.287361845,0.276116121,9.5,7.33,5.05
E02000198,Croydon,0.914703865,8746,0.104585395,0.065401326,0.324554184,0.387856258,11.29,7.62,5.94
E02000199,Croydon,0.950796292,8414,0.113001699,0.067149988,0.314908722,0.442111507,10.97,6.68,5.72
E02000200,Croydon,0.226065333,8847,0.025552767,0.084548434,0.294941061,0.341451652,10.27,5.49,4.65
E02000201,Croydon,0.216076059,9256,0.023344432,0.054991357,0.322803292,0.40115928,10.32,5.36,4.82
E02000202,Croydon,1.178411501,8486,0.138865367,0.096040537,0.299345418,0.339494619,10.96,6.95,6.15
E02000203,Croydon,1.259921885,7937,0.158740316,0.079123094,0.309033734,0.400185701,10.84,6.76,6
E02000204,Croydon,1.247401247,9620,0.129667489,0.086278586,0.307878788,0.316253854,11.72,7.11,6.69
E02000206,Croydon,0.391926318,10206,0.03840156,0.072702332,0.311585512,0.384841178,9.61,6.64,5
E02000207,Croydon,0.109217999,9156,0.011928571,0.061489734,0.291913215,0.325147239,10.79,5.99,5.21
E02000208,Croydon,0.458631444,10902,0.04206856,0.052283985,0.331578947,0.332277835,10.86,6.5,6.07
E02000209,Croydon,0.679270916,8833,0.076901496,0.055247368,0.302695418,0.24875208,10.15,6.17,5.91
E02000210,Croydon,0.352443609,8512,0.041405499,0.066611842,0.258465791,0.20709988,11.48,6.19,5.03
E02000211,Croydon,0.617741537,8094,0.076320921,0.160118606,0.278150455,0.088125,14.28,4.72,5.02
E02000212,Croydon,0.214915109,9306,0.023094252,0.04921556,0.327287277,0.243810865,9.75,5.4,5.62
E02000213,Croydon,0.808843354,11127,0.072691952,0.044306642,0.29373246,0.293686525,9.93,5.99,5.23
E02000214,Croydon,0.960768615,6245,0.153846055,0.12570056,0.256877898,0.125561257,12.06,6.37,5
E02000215,Croydon,0.706651356,11321,0.062419517,0.078968289,0.221505751,0.145845218,9.78,5.75,4.28
E02000216,Croydon,0.720357297,6941,0.103782927,0.153868319,0.18253487,0.077916296,7.58,4.37,3.48
E02000217,Croydon,0.163907556,12202,0.013432843,0.046058023,0.280691299,0.201589595,8.17,5.28,4.26
E02000218,Croydon,0.44234739,6782,0.065223738,0.099528163,0.303877052,0.213855422,12.7,5.91,4.69
E02000219,Croydon,1.194426012,7535,0.158517055,0.20066357,0.239255765,0.074551132,14.2,4.58,4.91
E02000220,Croydon,0.941619586,12744,0.073887287,0.061283741,0.245570073,0.152919745,7.92,4.85,3.74
E02000221,Croydon,1.199926158,10834,0.110755599,0.086025475,0.276566757,0.198574338,9.38,6.49,4.57
E02000222,Croydon,0.120148985,8323,0.014435779,0.088309504,0.224760164,0.097706248,9.91,5.3,4.17
E02000223,Croydon,0,8635,0,0.067863347,0.354444045,0.252896906,11.42,6.1,5.04
E02000224,Croydon,0.623752495,8016,0.077813435,0.07759481,0.242035188,0.116866216,11.48,5.25,4.56
E02000225,Croydon,0.788539887,7609,0.103632526,0.095676173,0.314934069,0.138686131,11.62,6.17,5.4
E02000226,Croydon,0.398989227,7519,0.053064134,0.164649554,0.248636009,0.063138347,13.22,5.5,4.74
E02000227,Croydon,0.261051166,11492,0.022715904,0.127131918,0.28588395,0.089387433,13.37,5.77,4.99
E02000228,Croydon,1.544401544,7770,0.198764678,0.182368082,0.215169446,0.038375608,12.61,5.2,4.66
E02000229,Croydon,1.030776027,6791,0.151785603,0.096745693,0.336662505,0.150611861,11.02,5.84,5.24
E02000230,Croydon,0.569476082,10536,0.054050501,0.12746773,0.223720746,0.079442509,12.07,4.97,4.48
E02000231,Croydon,0.262191924,7628,0.034372303,0.155610907,0.233096554,0.054651919,12.94,4.85,4.62
E02000232,Croydon,0.476266074,6299,0.075609791,0.163200508,0.252200406,0.044949251,12.56,4.79,4.73
E02000233,Croydon,0.153256705,6525,0.023487618,0.109425287,0.240107311,0.079054605,11.39,4.7,4.15
E02000234,Croydon,0.57123272,8753,0.065261364,0.116988461,0.245311328,0.078399601,12.35,4.96,4.28
E02000235,Croydon,0.422773393,7096,0.059579114,0.130777903,0.225961538,0.057405281,11.24,4.38,3.92
E02000236,Croydon,0.623908161,8014,0.077852279,0.115672573,0.242493639,0.041389215,14.39,4.91,4.77
E02000237,Croydon,0.390370852,7685,0.050796467,0.179700716,0.264976959,0.043210702,13.84,5.5,4.51
E02000238,Ealing,0.424808836,9416,0.045115637,0.083050127,0.262789217,0.136210526,11.3,6.37,5.58
E02000239,Ealing,0.226680267,8823,0.025691972,0.10993993,0.262433862,0.092777778,12.98,6.89,6.75
E02000240,Ealing,0.78794445,10153,0.077607057,0.080961292,0.313769752,0.1730151,11.22,6.49,5.85
E02000241,Ealing,1.046337818,6690,0.156403261,0.091330344,0.277346085,0.119144449,12.26,7.16,6.18
E02000242,Ealing,0.874380647,6862,0.127423586,0.082628971,0.258568851,0.070087239,11.83,6.52,6.67
E02000243,Ealing,0.826739105,8467,0.097642507,0.10062596,0.262768496,0.124338935,11.55,6.74,6.15
E02000244,Ealing,0.266844563,7495,0.03560301,0.092461641,0.273283662,0.084495259,10.84,6.92,5.78
E02000245,Ealing,0.82928563,8441,0.098244951,0.069186115,0.319332738,0.204757234,11.23,7.21,5.92
E02000246,Ealing,0.115233925,8678,0.013278857,0.078589537,0.313088109,0.189414723,12.12,6.2,6
E02000247,Ealing,1.999048072,10505,0.190294914,0.093479296,0.302361854,0.164629414,12.14,7.12,6.63
E02000248,Ealing,0.390828557,7676,0.050915654,0.083637311,0.228289132,0.058358331,8.94,4.12,3.95
E02000249,Ealing,1.739130435,7475,0.23265959,0.115585284,0.27993439,0.116047144,12.71,6.7,6.95
E02000250,Ealing,1.428571429,6300,0.22675737,0.126190476,0.198275862,0.025127177,11.74,5.13,3.78
E02000251,Ealing,0.401337793,7475,0.053690675,0.09993311,0.287344398,0.106998993,14.33,7.73,8.57
E02000252,Ealing,0,11431,0,0.0545884,0.255993499,0.176282712,7.69,5.07,3.77
E02000253,Ealing,0.966391066,9313,0.103767966,0.106732524,0.298793995,0.152512458,12.34,7,5.51
E02000254,Ealing,1.07117353,8402,0.127490304,0.09926208,0.266329236,0.064923455,14.96,8.73,10.65
E02000255,Ealing,0.538502962,9285,0.057997088,0.11265482,0.224653863,0.124564184,10.72,5.23,4.19
E02000256,Ealing,0.23054755,8675,0.026576087,0.091412104,0.195920016,0.050107211,10.04,5.2,3.73
E02000257,Ealing,0.138523341,14438,0.009594358,0.092325807,0.181770215,0.048930343,8.76,4.13,3.22
E02000258,Ealing,0.286902883,6971,0.041156632,0.079185196,0.225531915,0.097473997,8.26,5.59,3.86
E02000259,Ealing,0.495622006,6053,0.081880391,0.09053362,0.264863258,0.081102613,12.21,6.18,5.09
E02000260,Ealing,0.857081637,9334,0.091823617,0.101992715,0.259279039,0.083352468,14.48,8.44,10.6
E02000261,Ealing,0.338037691,11833,0.02856737,0.071917519,0.259119259,0.143878878,7.47,5.68,4.07
E02000262,Ealing,1.459034792,8910,0.163752502,0.07620651,0.246876985,0.108907563,9.49,6.81,4.41
E02000263,Ealing,0.673004122,11887,0.056616819,0.089341297,0.257729819,0.068316576,13.94,8.11,10.58
E02000264,Ealing,0.355745286,8433,0.042184903,0.101743152,0.209225337,0.047389856,9.31,5.27,3.69
E02000265,Ealing,0.843012364,10676,0.078963316,0.080835519,0.224593496,0.114938394,11,5.66,4.84
E02000266,Ealing,1.396648045,11456,0.12191411,0.076990223,0.33650519,0.229827265,11.74,7.64,8.44
E02000267,Ealing,0.410677618,7305,0.056218702,0.075427789,0.253766852,0.078977765,11.23,5.3,4.76
E02000268,Ealing,0.670840787,8944,0.07500456,0.09950805,0.207025118,0.067749519,8.37,4.23,3.19
E02000269,Ealing,0.124672734,8021,0.015543291,0.087270914,0.185823755,0.035899975,9.87,4.3,3.68
E02000270,Ealing,0.771406531,7778,0.099178006,0.075083569,0.290109258,0.236851921,9.75,6.73,4.49
E02000271,Ealing,0.435097897,6895,0.063103393,0.089485134,0.162578288,0.032234216,9.12,5.27,3.39
E02000272,Ealing,0.618238022,6470,0.095554563,0.121020093,0.225541244,0.049051571,10.52,4.37,4.18
E02000274,Ealing,0.635817732,14155,0.044918243,0.061603674,0.272744326,0.120317286,12.48,7.95,9.65
E02000275,Ealing,1.87366167,7472,0.250757718,0.109207709,0.269330734,0.086172909,12.32,7.61,9.05
E02000276,Ealing,0.459277404,6532,0.070311911,0.077464789,0.211578401,0.050580184,8.83,3.99,3.36
E02000277,Enfield,0.522739153,7652,0.068314056,0.08925771,0.306573957,0.201807654,12.69,8.64,5.99
E02000278,Enfield,0.711599065,9837,0.072339033,0.083053777,0.335884874,0.219644676,11.98,8.34,5.76
E02000279,Enfield,0.229832222,13053,0.017607617,0.047268827,0.303246753,0.281083953,10.39,8.05,4.87
E02000280,Enfield,1.875293015,8532,0.219795243,0.121425223,0.286754003,0.062008221,12.51,6.58,4.88
E02000281,Enfield,0.429599399,9311,0.046138911,0.089249275,0.310423535,0.141369553,12.55,6.84,5.38
E02000282,Enfield,0.397851601,10054,0.039571474,0.061269147,0.326412214,0.227427318,12.41,9,6.29
E02000283,Enfield,0.226244344,8840,0.025593252,0.077714932,0.321553738,0.20477208,12.16,8.84,6.12
E02000284,Enfield,0,8654,0,0.108851398,0.262260128,0.060365854,12.79,7.68,4.8
E02000285,Enfield,0.466200466,6435,0.072447625,0.136441336,0.275137112,0.055479764,12.42,6.66,4.73
E02000286,Enfield,1.056710109,8517,0.124070695,0.16238112,0.2557924,0.049644521,12.29,7.26,4.76
E02000287,Enfield,1.81665735,7156,0.253864918,0.159306875,0.20176586,0.047926132,11.48,4.68,4.68
E02000288,Enfield,0.176397954,11338,0.015558119,0.073822544,0.336120401,0.234032412,12.83,8.7,6.62
E02000289,Enfield,0.303168107,6597,0.04595545,0.173108989,0.269593496,0.03562186,12.06,5.19,4.73
E02000290,Enfield,0.71952799,6949,0.103544106,0.061159879,0.335231587,0.276166805,11.72,8.74,6.06
E02000291,Enfield,0.292597289,10253,0.028537724,0.108163464,0.268542809,0.127073061,11.11,6.48,4.61
E02000292,Enfield,1.017087063,9832,0.103446609,0.088588283,0.299756476,0.13154024,11.31,6.63,5.21
E02000293,Enfield,0.309023486,6472,0.047747757,0.159765142,0.253775443,0.040748375,12.33,5.04,4.61
E02000294,Enfield,0.424403183,9425,0.045029515,0.089549072,0.322772277,0.263205316,12.71,8.45,6.66
E02000295,Enfield,0.663496627,9043,0.073371296,0.123631538,0.24684821,0.063052305,12.18,4.42,4.78
E02000296,Enfield,1.722488038,10450,0.164831391,0.11291866,0.264469976,0.06135291,11.53,5.25,4.88
E02000297,Enfield,0.51975052,9620,0.054028121,0.144282744,0.259940778,0.081092708,11.67,4.55,4.56
E02000298,Enfield,1.240233164,8063,0.15381783,0.132952995,0.208624428,0.04275326,12.23,4.02,4.54
E02000299,Enfield,0.69637883,10052,0.069277639,0.06914047,0.331232877,0.333870275,12.17,8.25,6.72
E02000300,Enfield,0.885347499,9036,0.097980024,0.072598495,0.322446556,0.298639206,12,8.6,6.4
E02000301,Enfield,0.544168329,11026,0.049353195,0.067295483,0.323863636,0.327308838,11.59,9.52,6.46
E02000302,Enfield,0.348513011,8608,0.040487106,0.106877323,0.281997919,0.115061254,12.47,5.34,5.42
E02000303,Enfield,0.546209307,9154,0.059668921,0.070351759,0.339430894,0.282598331,12.32,10.38,6.72
E02000304,Enfield,0.121787846,8211,0.014832279,0.139447083,0.219447139,0.035974781,11.3,4.69,4.89
E02000305,Enfield,0.6709158,8943,0.075021335,0.093480935,0.239005736,0.065909881,12.05,4.95,4.98
E02000306,Enfield,0.760208514,9208,0.082559569,0.06961338,0.351971558,0.380260138,11.05,10.69,6.3
E02000307,Enfield,0.78794445,10153,0.077607057,0.084901014,0.299952313,0.198622506,11.55,7.17,6.32
E02000308,Enfield,0.238180302,8397,0.028364928,0.091580326,0.276635021,0.103671148,9.06,5.35,4.4
E02000309,Enfield,0.89039987,12354,0.072073812,0.051805083,0.336978131,0.343979407,11.26,8.75,6.43
E02000311,Enfield,0.924299843,10819,0.08543302,0.088732785,0.284313725,0.136142626,11.46,6.22,5.94
E02000312,Enfield,0.430774533,11607,0.03711334,0.083311795,0.25558055,0.09930297,10.72,5.84,5.04
E02000313,Greenwich,0.265287173,7539,0.035188642,0.046557899,0.376398412,0.407401767,11.35,7.16,4.96
E02000314,Greenwich,0.434863639,16097,0.027015198,0.022799279,0.331303725,0.438088727,9.54,6.36,3.9
E02000315,Greenwich,0.618620476,9699,0.063781882,0.067017218,0.35346308,0.348127753,12.62,9.64,5.84
E02000316,Greenwich,0.413080895,14525,0.028439304,0.03373494,0.267159451,0.241395349,9.42,7.25,4.19
E02000317,Greenwich,0.698486612,8590,0.081313925,0.053084983,0.32605905,0.313142174,10.02,7.18,4.68
E02000318,Greenwich,0.381460996,10486,0.036378123,0.073335876,0.336786372,0.231660232,14.13,9.48,6.57
E02000319,Greenwich,0.336671997,11881,0.028337008,0.044861544,0.306703579,0.273174733,13.27,8.96,6.16
E02000320,Greenwich,0.957854406,7308,0.131069295,0.059250137,0.333781965,0.247131643,11.19,9.03,5.22
E02000321,Greenwich,0.25910092,7719,0.033566643,0.060370514,0.355898784,0.276111111,12.52,9.35,6.04
E02000323,Greenwich,0.529707778,11327,0.046765055,0.051469939,0.329257246,0.327150084,11.35,8.74,5.47
E02000324,Greenwich,0.50018757,7997,0.062546901,0.081405527,0.307592892,0.176760082,10.19,5.35,4.09
E02000326,Greenwich,0.536624631,7454,0.071991499,0.068553797,0.251372119,0.132673267,10.34,5.11,3.89
E02000327,Greenwich,0.419756541,7147,0.058731851,0.036099063,0.469496968,0.332893773,11.05,7.8,5.15
E02000328,Greenwich,0.876680304,6844,0.128094726,0.111776739,0.198898231,0.065849228,9.66,3.99,3.38
E02000329,Greenwich,0.316756414,6314,0.050167313,0.097402597,0.321992283,0.16618123,14.8,9.68,6.48
E02000331,Greenwich,0.728420541,8237,0.088432748,0.078183805,0.323425143,0.15668497,11.14,5.96,4.36
E02000332,Greenwich,0.258732212,7730,0.033471179,0.092496766,0.280593671,0.158417207,11.58,8.07,5.09
E02000333,Greenwich,0.457945352,6551,0.069904648,0.125629675,0.19047619,0.049130643,11.9,4.56,3.71
E02000334,Greenwich,0.604869197,6613,0.091466686,0.093452291,0.293650794,0.137888391,11.02,5.2,4.03
E02000335,Greenwich,0.436554133,6872,0.063526504,0.120925495,0.282789318,0.031149794,13.79,6.76,4.47
E02000337,Greenwich,0.240182539,8327,0.028843826,0.097754293,0.305137667,0.086896028,12.26,6.36,4.73
E02000339,Greenwich,0.949367089,6320,0.150216311,0.133544304,0.26764405,0.027470687,14.09,7.12,4.83
E02000340,Greenwich,0,6521,0,0.156111026,0.271806599,0.044842313,12.54,7.03,4.51
E02000341,Greenwich,0.611545988,8176,0.074797699,0.088918787,0.332475884,0.111414812,12.18,6.67,4.63
E02000342,Greenwich,0.160926939,6214,0.02589748,0.088187963,0.297266941,0.060746939,12.88,7.98,5.2
E02000343,Greenwich,0.724112962,6905,0.104867916,0.115423606,0.282463186,0.081797753,12.36,8.17,4.54
E02000344,Greenwich,1.526018617,6553,0.232873282,0.129864184,0.275948573,0.057930171,11.43,7.24,4.29
E02000345,Hackney,0.61893955,9694,0.063847694,0.049721477,0.280409731,0.094138945,6.63,5.86,3.45
E02000346,Hackney,0.381825124,7857,0.048596808,0.056382843,0.320186599,0.292186474,8.05,7.45,4.07
E02000347,Hackney,0.339481725,8837,0.038415947,0.05714609,0.267281106,0.128079437,6.31,5.96,3.25
E02000348,Hackney,0.884271029,9047,0.097741907,0.044213551,0.314762243,0.201477833,6.91,6.05,3.66
E02000350,Hackney,0.69797587,10029,0.069595759,0.041180576,0.212347621,0.146705957,8.58,7.06,4.59
E02000351,Hackney,0.310045473,9676,0.032042732,0.044956594,0.203468855,0.126598616,7.53,6.69,3.86
E02000352,Hackney,0.823045267,7290,0.112900585,0.068038409,0.219062027,0.144413773,7.97,5.74,3.86
E02000353,Hackney,0.610053685,8196,0.0744331,0.062347487,0.178447528,0.118546108,8.5,6.13,4.23
E02000354,Hackney,0.466853408,10710,0.043590421,0.056676004,0.250516648,0.276994317,8.81,8.02,4.8
E02000355,Hackney,1.508133147,9283,0.162461828,0.064634278,0.227512016,0.207307012,9.59,8.05,5.17
E02000356,Hackney,0.403171617,7441,0.054182451,0.049186937,0.177095359,0.126327253,7.4,4.42,3.54
E02000357,Hackney,0.600240096,6664,0.090072043,0.076230492,0.37446403,0.478466635,12.28,9.8,6.36
E02000358,Hackney,0.840760047,11894,0.070687746,0.053640491,0.21487051,0.227979743,8.52,6.85,4.25
E02000359,Hackney,0.592592593,6750,0.087791495,0.060296296,0.255196674,0.270019754,10.1,8.17,5.49
E02000360,Hackney,0.41411297,12074,0.03429791,0.053586218,0.274155995,0.347414098,9.56,7.94,5.14
E02000361,Hackney,0.223064912,8966,0.024878977,0.041155476,0.239010329,0.251570681,9.42,7.53,5
E02000362,Hackney,0,7434,0,0.048022599,0.287835926,0.314788622,8.26,7.34,4.28
E02000363,Hackney,0.414215889,12071,0.034314961,0.053019634,0.303994083,0.389396035,9.35,7.84,4.95
E02000364,Hackney,0.484637007,10317,0.046974606,0.066686052,0.191827697,0.201533777,7.99,6.47,4.3
E02000365,Hackney,0.453221107,15445,0.029344196,0.052508903,0.189769414,0.172673143,7.44,6.17,3.88
E02000366,Hackney,0.645647261,9293,0.069476731,0.066716884,0.262173244,0.239135541,8.88,7.6,4.54
E02000367,Hackney,0.345006038,11594,0.029757291,0.030188028,0.21601154,0.191048147,8.47,6.96,4.31
E02000368,Hackney,0.470278405,10632,0.044232356,0.058126411,0.270653945,0.306948201,8.13,6.32,4.41
E02000369,Hackney,0.763729779,14403,0.053025743,0.043879747,0.233579206,0.26686217,7.43,6.37,3.85
E02000370,Hackney,0.60204696,9966,0.06041009,0.039233394,0.238667668,0.227562944,7.25,5.97,3.51
E02000371,Hackney,0.061827625,16174,0.003822655,0.029491777,0.192226447,0.176166222,6.89,5.55,3.61
E02000372,Hammersmith and Fulham,0.607410407,9878,0.061491234,0.063271917,0.338860851,0.211117166,7.39,4.4,3.84
E02000373,Hammersmith and Fulham,0.148367953,6740,0.022013049,0.062017804,0.344758868,0.357314509,9.09,5.2,5.04
E02000374,Hammersmith and Fulham,1.174053419,6814,0.172300179,0.074552392,0.242215569,0.156737483,8.52,5.2,4.39
E02000375,Hammersmith and Fulham,0,6998,0,0.065304373,0.246311907,0.200768355,8.72,5.04,4.21
E02000376,Hammersmith and Fulham,0.579122629,6907,0.083845755,0.060373534,0.232064422,0.157339118,9.01,5.2,4.1
E02000377,Hammersmith and Fulham,0.606575276,8243,0.073586713,0.069270897,0.237013717,0.158648549,8.69,4.66,3.91
E02000378,Hammersmith and Fulham,0.612463635,6531,0.093777926,0.067983463,0.191441999,0.113712886,8.1,4.31,3.46
E02000379,Hammersmith and Fulham,2.292993631,7850,0.292101099,0.098343949,0.211971308,0.11225432,7.78,4.22,3.34
E02000380,Hammersmith and Fulham,0.342055755,5847,0.05850107,0.079870019,0.177950869,0.094831997,9.01,4.16,3.42
E02000381,Hammersmith and Fulham,0.376553282,7967,0.047264125,0.0650182,0.170024352,0.082518023,7.36,3.44,2.77
E02000382,Hammersmith and Fulham,0.169004563,5917,0.028562542,0.06962988,0.187052506,0.105561862,8.32,4.19,3.1
E02000383,Hammersmith and Fulham,0.558534406,8952,0.062392136,0.096961573,0.212247212,0.075381679,7.03,3.56,2.81
E02000384,Hammersmith and Fulham,1.361470388,7345,0.185360162,0.097072839,0.250937333,0.147404372,8.21,3.6,2.95
E02000385,Hammersmith and Fulham,0.166002656,6024,0.027556882,0.050464807,0.185596222,0.060207725,7.18,3.69,2.98
E02000386,Hammersmith and Fulham,0.617283951,8100,0.076207895,0.065185185,0.242641603,0.169616519,7.69,3.74,3.22
E02000387,Hammersmith and Fulham,0.49833887,6020,0.082780543,0.073754153,0.307601996,0.126434949,7.95,4.01,3.23
E02000388,Hammersmith and Fulham,1.0348396,8697,0.118988111,0.083017132,0.189788446,0.07315289,7.71,3.5,3.11
E02000389,Hammersmith and Fulham,0.594883998,8405,0.070777394,0.09518144,0.199223803,0.040702604,8.12,3.74,3.08
E02000390,Hammersmith and Fulham,0,6386,0,0.06764798,0.190239868,0.08266129,8.44,3.78,3.19
E02000391,Hammersmith and Fulham,0.250438267,7986,0.031359663,0.081016779,0.159241706,0.050718075,6.27,3.4,2.29
E02000392,Hammersmith and Fulham,0.10517459,9508,0.011061694,0.062578881,0.165793751,0.085508457,6.8,3,2.42
E02000393,Hammersmith and Fulham,0,5897,0,0.073596744,0.151267159,0.039296966,8.32,3.5,2.95
E02000394,Hammersmith and Fulham,0.435872289,9177,0.047496163,0.066252588,0.211453744,0.11579626,6.61,4.12,2.65
E02000395,Hammersmith and Fulham,0.161812298,6180,0.02618322,0.111003236,0.147344375,0.02655016,6.67,2.79,2.28
E02000396,Hammersmith and Fulham,0.283406547,7057,0.040159635,0.075244438,0.188505747,0.088949193,7.47,4.35,2.87
E02000397,Haringey,0.699382212,8579,0.08152258,0.061662198,0.268955298,0.158413308,10.02,7.23,5.02
E02000398,Haringey,0.760263558,7892,0.096333446,0.053598581,0.318255909,0.415414853,10.6,9.04,5.93
E02000400,Haringey,0.490136013,8161,0.060058328,0.078789364,0.275185578,0.169014085,9.34,6.31,4.39
E02000401,Haringey,0.297574766,6721,0.044275371,0.064424937,0.334983498,0.254083754,9.49,7.89,5.37
E02000402,Haringey,0.295202952,6775,0.043572391,0.06302583,0.347535505,0.312080036,10.3,7.78,5.99
E02000403,Haringey,0.487388814,8207,0.059386964,0.055927866,0.278363777,0.135574385,9.92,7.31,5.45
E02000404,Haringey,0.508388409,7868,0.064614694,0.071301474,0.295539033,0.202597403,10.03,9.67,5.29
E02000405,Haringey,1.077586207,6496,0.165884576,0.081896552,0.201606203,0.053756872,8.44,5.79,3.89
E02000406,Haringey,0.415397397,7222,0.057518332,0.060371088,0.288532676,0.186049822,10.21,10.45,5.32
E02000407,Haringey,0.780538572,7687,0.101540077,0.06569533,0.307692308,0.341219912,11.48,9.51,6.5
E02000408,Haringey,1.064207166,8457,0.125837432,0.058176658,0.31005291,0.332895428,12.02,9.85,6.55
E02000409,Haringey,0.467726848,6414,0.072922801,0.070782663,0.302459646,0.332771564,9.34,8.41,5.23
E02000410,Haringey,0.14907573,6708,0.022223573,0.081991652,0.200206665,0.034513671,7.74,3.63,2.63
E02000411,Haringey,0.187090739,10690,0.017501472,0.047801684,0.303363519,0.320048309,9.25,7.54,5.04
E02000412,Haringey,0.765013388,7843,0.097540914,0.064261125,0.280036969,0.20971941,9.86,8.73,5.18
E02000413,Haringey,0.524177696,7631,0.068690564,0.09330363,0.211379952,0.054266667,7.68,3.41,2.82
E02000414,Haringey,0.841160802,7133,0.117925249,0.060563578,0.284487863,0.296053549,9.94,8,5.5
E02000415,Haringey,0.414708322,7234,0.057327664,0.075062206,0.280927835,0.147260774,9.68,8.07,5.18
E02000416,Haringey,0.498504487,8024,0.062126681,0.066425723,0.225507843,0.144459279,8.32,6.94,3.26
E02000417,Haringey,0.912825194,6573,0.138874972,0.114711699,0.209349593,0.048831636,8.5,4.22,2.68
E02000418,Haringey,0.552791598,5427,0.101859517,0.108162889,0.189671971,0.045380287,8.51,6.49,3.17
E02000419,Haringey,0.446627959,8956,0.049869133,0.057056722,0.255595345,0.121238283,9.1,7.69,4.58
E02000420,Haringey,0.849205386,8243,0.103021398,0.064296979,0.284628872,0.249327234,10.55,8.06,5.74
E02000421,Haringey,1.450501632,8273,0.175329582,0.060800193,0.326115061,0.329182988,10.01,6.56,5.17
E02000422,Haringey,0.827325375,8461,0.09778104,0.064767758,0.287750946,0.276677316,10.7,7.93,5.69
E02000423,Haringey,0.403551251,7434,0.054284537,0.057573312,0.265190386,0.137824747,8.95,6.7,4.65
E02000424,Haringey,0.435983142,6881,0.063360433,0.05914838,0.193212121,0.115587663,7.48,5.6,2.89
E02000425,Haringey,1.016906063,7867,0.129262243,0.046014999,0.277838627,0.138506064,7.34,5.83,3.73
E02000426,Haringey,0.812215724,6156,0.131938877,0.140350877,0.192099567,0.055266677,8.3,3.2,2.55
E02000427,Haringey,0.573805767,6971,0.082313264,0.050494907,0.233408465,0.12109717,7.91,6.32,4.01
E02000428,Haringey,0.853970965,8197,0.104180916,0.055508113,0.287951422,0.282255768,9.42,7.14,4.81
E02000429,Haringey,0.425170068,7056,0.060256529,0.094529478,0.174246051,0.043053123,7.86,4.85,2.92
E02000430,Haringey,0.415454923,7221,0.057534264,0.063564603,0.197110423,0.057974922,7.37,5.17,2.96
E02000431,Haringey,0,6223,0,0.090470834,0.173271889,0.035302917,7.96,3.2,2.45
E02000432,Haringey,0.630914826,6340,0.09951338,0.05977918,0.181540809,0.126898048,8.37,4.7,3.8
E02000433,Harrow,2.541757444,8262,0.307644329,0.22258533,0.212054189,0.049310435,12.32,4.72,5.92
E02000434,Harrow,1.871296393,9619,0.194541677,0.127144194,0.244652728,0.076967862,12.17,5.41,6.34
E02000435,Harrow,1.020538334,7839,0.130187311,0.147467789,0.246529873,0.086587665,11.61,4.37,6.42
E02000436,Harrow,1.257409736,5567,0.225868463,0.197592959,0.232222604,0.031995849,14.97,4.36,6.78
E02000437,Harrow,1.401214386,8564,0.163616813,0.140004671,0.286654849,0.086427122,12.88,5.51,7.46
E02000438,Harrow,1.146204789,7852,0.145976157,0.146841569,0.258547612,0.078887484,14.15,4.26,6.72
E02000439,Harrow,0.882125923,9069,0.097268268,0.092954019,0.276346007,0.112966122,11.33,5.21,6.23
E02000440,Harrow,0.31377471,9561,0.032818189,0.108984416,0.236634718,0.05695475,11.53,4.74,6.64
E02000441,Harrow,1.123279978,7122,0.157719738,0.144903117,0.246297489,0.064492106,12.54,4.29,5.52
E02000442,Harrow,0.439657067,9098,0.048324584,0.072983073,0.26535979,0.070755801,10.87,5.19,6.99
E02000443,Harrow,1.266933047,10261,0.123470719,0.082448104,0.289757736,0.147096093,12.36,5.62,7.38
E02000444,Harrow,0.563761416,8869,0.063565387,0.101589807,0.244372186,0.068360984,10.73,4.46,6.97
E02000445,Harrow,1.169485426,11116,0.105207397,0.085912199,0.279271649,0.14995122,12.23,5.57,7.54
E02000447,Harrow,0.698226505,7161,0.09750405,0.119257087,0.240794016,0.076792292,12.71,5.01,7.49
E02000448,Harrow,0.711642471,7026,0.101287001,0.151295189,0.206251915,0.030868845,13.85,4.29,5.68
E02000449,Harrow,1.56626506,8300,0.188706634,0.096385542,0.283969466,0.06808406,11.42,5.16,7.87
E02000451,Harrow,0.601232527,6653,0.090370138,0.133022697,0.211491443,0.04778626,13.98,4.4,7.2
E02000452,Harrow,0.93218364,8582,0.108620792,0.067932883,0.2475068,0.089559504,10.48,5.54,6.6
E02000453,Harrow,0.608790941,8213,0.074125282,0.084621941,0.223104508,0.084908136,11,5.57,6.94
E02000454,Harrow,0.423131171,7090,0.059679996,0.142595205,0.209770115,0.024569331,12.79,4.03,5.42
E02000455,Harrow,0.841131322,9511,0.088437738,0.089475344,0.228591817,0.08580209,9.85,5.94,5.72
E02000456,Harrow,0.960878518,7285,0.131898218,0.099245024,0.244319776,0.082306276,10.97,5.86,6.46
E02000457,Harrow,0.604594921,6616,0.091383755,0.135126965,0.228217158,0.063668039,11.63,5.36,6.74
E02000459,Harrow,0.974870017,9232,0.105596839,0.082863951,0.262239583,0.124104432,10.55,7.32,6.72
E02000460,Harrow,1.029866117,6797,0.151517746,0.071796381,0.298491379,0.146670758,12.69,6.44,7.86
E02000461,Harrow,0.802139037,7480,0.107237839,0.081684492,0.220970537,0.056427235,11.4,5.53,6.52
E02000462,Harrow,0.734969866,6803,0.108036141,0.101131854,0.264562317,0.101477684,11.8,7.04,7.32
E02000463,Harrow,0.359625989,8342,0.043110284,0.080196596,0.276319279,0.126112232,13.97,6.31,8.08
E02000464,Havering,0.519278203,7703,0.067412463,0.116707776,0.294847687,0.058285537,11.11,8.49,5.34
E02000465,Havering,0.427990584,9346,0.045793985,0.074363364,0.27972028,0.065952081,11.7,8.51,5.22
E02000466,Havering,0.449438202,8900,0.050498674,0.123483146,0.306858227,0.056956679,12.85,7.12,5.7
E02000467,Havering,0.445354948,11227,0.039668206,0.070455153,0.325110361,0.102457741,11.47,8.67,5.55
E02000468,Havering,1.199904008,8334,0.143976963,0.132829374,0.284343296,0.048959136,12.64,6.86,5.66
E02000469,Havering,0.274085241,7297,0.03756136,0.11347129,0.289806548,0.099798231,11.5,8.36,5.61
E02000470,Havering,0.876904527,9123,0.096120194,0.146552669,0.261456212,0.029542285,10.87,5.75,4.43
E02000471,Havering,0.396301189,7570,0.052351544,0.189299868,0.263245956,0.026149926,13.24,6.9,5.54
E02000472,Havering,0.434640878,9203,0.047228173,0.140389004,0.292293867,0.041050172,12,6.62,5.35
E02000473,Havering,0.288711385,10391,0.027784755,0.132422289,0.267130292,0.034209428,11.96,5.24,4.56
E02000474,Havering,0.546746856,9145,0.059786425,0.122689995,0.283653846,0.05237924,12.33,7.42,5.49
E02000475,Havering,0.705858627,9917,0.071176629,0.160431582,0.239356069,0.024358417,11.8,4.85,4.23
E02000476,Havering,0.488854126,10228,0.047795671,0.094055534,0.274607703,0.069408129,12.23,6.17,4.76
E02000477,Havering,0.418760469,9552,0.043840083,0.141541039,0.258004158,0.018376068,13.35,6.03,4.86
E02000478,Havering,1.197399932,5846,0.204823799,0.207321245,0.254723583,0.032795242,12.02,6.02,4.54
E02000479,Havering,0.63525675,9445,0.067258523,0.083112758,0.276779463,0.047701008,12.28,5.27,4.57
E02000480,Havering,0.865256037,12713,0.068060728,0.085896327,0.321932007,0.095558959,10.45,6.95,5.14
E02000481,Havering,1.492351698,8041,0.185592799,0.194130083,0.253963839,0.009495701,14.62,5.97,4.92
E02000482,Havering,0.614911606,6505,0.094529071,0.187855496,0.218425461,0.008755472,14.99,6.28,4.94
E02000483,Havering,0.501504514,7976,0.062876694,0.165371113,0.27931312,0.0166798,14.38,7.72,5.41
E02000484,Havering,0.838624656,8347,0.100470188,0.136336408,0.281503829,0.031345286,14.27,7.52,5.71
E02000485,Havering,0.579575751,8627,0.06718161,0.136895792,0.267237041,0.019158527,14.97,8.13,5.36
E02000486,Havering,0.795228628,7545,0.105398095,0.167395626,0.279871692,0.030138474,15.41,8.1,6.03
E02000487,Havering,1.162040026,7745,0.150037447,0.191736604,0.242978272,0.007140125,14.14,6.16,5.04
E02000488,Havering,0.412031314,7281,0.056589935,0.160005494,0.270734284,0.021800565,14.93,7.96,5.88
E02000489,Havering,0.348270258,8614,0.040430724,0.126654284,0.281664017,0.067478437,14.27,8.05,5.95
E02000490,Havering,0.748596382,8015,0.093399424,0.156082346,0.273305671,0.064256515,14.37,9.02,6.2
E02000491,Havering,0.711526733,9838,0.072324327,0.10855865,0.279761905,0.107636528,12.37,8.16,5.78
E02000492,Havering,0.461254613,6504,0.070918606,0.170817958,0.254635762,0.04033801,14.88,6.86,5.91
E02000493,Havering,0.731850117,6832,0.107120919,0.093676815,0.263826864,0.111755233,11.15,5.7,5.49
E02000494,Hillingdon,0.51975052,7696,0.067535151,0.17762474,0.21399177,0.023131435,12.37,4.37,5.86
E02000495,Hillingdon,0.959969281,10417,0.092154102,0.142747432,0.247021944,0.032513459,12.09,4.62,5.72
E02000496,Hillingdon,1.979675333,7577,0.261274295,0.143328494,0.286095543,0.023381538,13.4,6.29,5.4
E02000497,Hillingdon,1.722096653,9291,0.185351055,0.131417501,0.267204556,0.024621878,12.99,5.08,5.48
E02000498,Hillingdon,0.649878148,6155,0.105585402,0.150284322,0.254461335,0.017774086,13.51,5.09,4.87
E02000499,Hillingdon,0.785134781,7642,0.102739438,0.166317718,0.246257099,0.021249195,13.07,5,5
E02000500,Hillingdon,0.603354652,8287,0.072807367,0.163267769,0.23735119,0.012056002,13.89,5.52,5
E02000501,Hillingdon,0.475680818,8409,0.05656806,0.134974432,0.26261441,0.027282648,13.26,5.73,4.73
E02000502,Hillingdon,0.700852704,8561,0.081865752,0.1210139,0.272660099,0.031919086,13.4,5.2,4.86
E02000503,Hillingdon,0.109577033,9126,0.012007126,0.09379794,0.285882123,0.027042065,13.31,5.89,4.75
E02000504,Hillingdon,0.40096231,7482,0.053590258,0.161855119,0.239346984,0.01517204,13.68,4.46,5.37
E02000506,Hillingdon,0.380083618,7893,0.048154519,0.159001647,0.237758576,0.024399947,11.61,4.7,5.1
E02000507,Hillingdon,0.121197431,8251,0.014688817,0.094776391,0.274197562,0.046078308,11.05,4.32,5.18
E02000508,Hillingdon,0.085128118,11747,0.007246796,0.062228654,0.268250857,0.080248258,8.31,5.02,3.83
E02000509,Hillingdon,0.328030179,12194,0.02690095,0.048548466,0.267383513,0.080830703,8.21,5.03,3.77
E02000510,Hillingdon,0.439319055,9105,0.048250308,0.115540912,0.294089722,0.055015057,9.83,4.38,4.92
E02000511,Hillingdon,0.601443464,9976,0.06028904,0.10064154,0.29620644,0.086144706,10.99,5.4,5.65
E02000512,Hillingdon,0.226500566,8830,0.025651253,0.088448471,0.290726817,0.105486814,10.23,4.64,5.24
E02000513,Hillingdon,0.497561946,10049,0.049513578,0.057916211,0.317426839,0.183184855,11.41,4.91,5.98
E02000514,Hillingdon,0.839787254,10717,0.078360292,0.074554446,0.279424978,0.10407332,12.13,5.6,7.26
E02000515,Hillingdon,0.330441966,12105,0.027297973,0.06716233,0.280291109,0.073187087,10.7,5.95,5.09
E02000516,Hillingdon,0.543951262,9192,0.059176595,0.058746736,0.280802292,0.118756803,11.97,6.71,7.44
E02000517,Hillingdon,0.691153239,10128,0.068241828,0.064869668,0.306482235,0.149895664,10.94,5.78,6.72
E02000518,Hillingdon,0.337685727,8884,0.03801055,0.085547051,0.276828957,0.064954683,10.19,5.66,5.1
E02000519,Hillingdon,0.32449973,9245,0.035100025,0.083396431,0.306735191,0.129244629,12.27,6.55,7.53
E02000520,Hillingdon,0.579542162,13804,0.04198364,0.06563315,0.293504902,0.144164963,10.45,6.47,6.88
E02000521,Hillingdon,0.304275065,13146,0.023145829,0.05484558,0.286137711,0.111682809,10.31,6.14,5.64
E02000522,Hillingdon,0.623441397,9624,0.064779862,0.084060682,0.291117193,0.0815902,10.73,6.32,5.39
E02000523,Hillingdon,0.343377114,11649,0.029476961,0.060863593,0.290154265,0.114362806,9.41,5.91,6.29
E02000524,Hillingdon,0.616067028,8116,0.075907717,0.078610153,0.297853828,0.071889539,10.61,6.25,5.8
E02000525,Hillingdon,0.389521862,10269,0.03793182,0.064076346,0.317988669,0.109675957,10.89,6.61,6.7
E02000526,Hounslow,0.234934806,8513,0.027597181,0.094208857,0.161639276,0.028407735,8.73,4.66,3.11
E02000528,Hounslow,0.323049588,12382,0.026090259,0.074220643,0.253580294,0.115978896,10.14,6.05,4.03
E02000529,Hounslow,0.334933572,8957,0.037393499,0.08194708,0.283241542,0.077533144,11.16,6.98,7.33
E02000530,Hounslow,0.819560169,7321,0.111946479,0.068979648,0.299690642,0.134561942,11.46,7.55,7.88
E02000531,Hounslow,0.572628364,10478,0.054650541,0.085798817,0.239783978,0.072941859,11.1,6.68,4.44
E02000532,Hounslow,0.332926423,9011,0.036946668,0.109310842,0.196531792,0.054366812,8.48,4.55,3.06
E02000533,Hounslow,0.355534487,8438,0.042134924,0.098601564,0.185708263,0.043421366,7.99,4.87,2.83
E02000534,Hounslow,0.372902424,8045,0.046352073,0.092604102,0.252878754,0.04090005,10.33,6.34,5.23
E02000535,Hounslow,1.077354019,9282,0.116069168,0.093622064,0.263898192,0.044021096,12.14,7.86,8.02
E02000536,Hounslow,0.321543408,9330,0.034463388,0.087888532,0.266438356,0.056640414,10.93,7.52,7.39
E02000537,Hounslow,0.222866057,8974,0.02483464,0.09895253,0.245237574,0.031670534,9.88,6.39,6.4
E02000538,Hounslow,0.415498078,9627,0.043159663,0.07468578,0.298151751,0.073271889,11.65,7.34,8.06
E02000539,Hounslow,0.820868296,10964,0.074869418,0.071780372,0.272871497,0.072637649,9.57,5.73,4.52
E02000540,Hounslow,1.089225742,11017,0.098867726,0.081601162,0.279143037,0.062621674,10.35,6.66,6.31
E02000541,Hounslow,0.724337748,9664,0.074952168,0.079884106,0.296510229,0.076394366,11.8,7.56,8.14
E02000542,Hounslow,0.601581299,11636,0.051700009,0.079752492,0.283928963,0.060344828,10.81,7.76,7.23
E02000543,Hounslow,0.219796322,13649,0.016103474,0.056194593,0.265368523,0.049944506,9.93,6.85,6.14
E02000544,Hounslow,0.122369065,8172,0.014974188,0.102912384,0.271777831,0.042566167,10.87,6.89,5.34
E02000545,Hounslow,0.114823746,8709,0.013184493,0.08646228,0.285678392,0.114289207,8.92,4.24,3.85
E02000546,Hounslow,0.102806621,9727,0.010569201,0.06785237,0.302078822,0.068615385,11.48,8.02,7.61
E02000547,Hounslow,0.501756147,9965,0.050351846,0.092925238,0.298840704,0.063675214,10.82,7.95,5.92
E02000548,Hounslow,0.599340725,10011,0.059868217,0.079612426,0.279782165,0.073931671,11.5,8.21,6.29
E02000549,Hounslow,0.606796117,11536,0.052600218,0.092926491,0.296923927,0.049105927,11.28,8.17,6.19
E02000550,Hounslow,0,11066,0,0.056027472,0.278217822,0.089781794,10.77,6.96,5.81
E02000551,Hounslow,0.219466696,9113,0.024082815,0.07242401,0.333066453,0.096935222,10.93,8.54,5.99
E02000552,Hounslow,0.109385255,9142,0.011965134,0.058192956,0.299702585,0.068231309,10.51,6.68,5.52
E02000553,Hounslow,0.415973378,7212,0.05767795,0.094425957,0.280461203,0.05677517,9.88,6.32,4.61
E02000554,Islington,0.099780483,10022,0.009956145,0.060367192,0.267370892,0.198213897,8.57,5.64,4.34
E02000555,Islington,0.201673893,9917,0.02033618,0.072400928,0.216516454,0.144132653,9.13,5.68,4.4
E02000556,Islington,0.52608505,11405,0.04612758,0.058044717,0.218036943,0.151179057,7.81,5.27,3.96
E02000557,Islington,0.225326724,8876,0.025386066,0.085060838,0.244763474,0.125430822,9.21,5.21,4.19
E02000558,Islington,0.294290759,10194,0.028869017,0.063076319,0.300228964,0.276099211,8.01,6.21,4.4
E02000559,Islington,0.095020905,10524,0.009028972,0.050741163,0.169535928,0.109820005,7.32,4.64,3.69
E02000560,Islington,0.110975474,9011,0.012315556,0.054710909,0.211354141,0.101752402,8.17,5.51,4.26
E02000561,Islington,0.467344316,8559,0.054602677,0.069751139,0.188648897,0.062483863,8.89,4.61,3.91
E02000562,Islington,0.56567485,8839,0.063997607,0.075008485,0.195599022,0.131711621,7.03,3.84,3.39
E02000563,Islington,0.464198677,8617,0.053870103,0.066148311,0.247199403,0.162738628,8.88,5.28,4.37
E02000564,Islington,0.144896037,13803,0.010497431,0.039701514,0.2287498,0.120327994,8.61,5.45,4.33
E02000565,Islington,0.220896841,9054,0.024397707,0.051689861,0.214122428,0.179430805,7.55,4.96,3.59
E02000566,Islington,0.106575722,9383,0.011358385,0.065757221,0.167687908,0.075575698,8.37,4.52,3.72
E02000567,Islington,0.260235947,11528,0.022574249,0.060114504,0.192958469,0.106487739,7.97,6.18,3.63
E02000568,Islington,0.464792006,12909,0.036005268,0.055310249,0.261165783,0.157090909,8.88,5.58,4.51
E02000569,Islington,0.539422818,11123,0.048496163,0.078575924,0.191889794,0.112751946,7.95,5.53,3.57
E02000570,Islington,0.200863714,9957,0.020173116,0.062167319,0.157983508,0.054556007,7.47,4.56,3.17
E02000571,Islington,0.326406267,9191,0.035513684,0.071918181,0.197576657,0.116174823,8.27,7.1,3.57
E02000572,Islington,0.755368512,9267,0.081511656,0.067875256,0.255648038,0.16847509,8,4.86,3.8
E02000573,Islington,1.730935667,10399,0.166452127,0.068948937,0.137675655,0.055568365,6.68,4.43,2.86
E02000574,Islington,0.312891114,9588,0.032633616,0.059136421,0.177226407,0.091989178,6.02,4.44,2.77
E02000575,Islington,0.198176774,15138,0.013091345,0.039635355,0.167446362,0.084027252,6.05,4.11,2.47
E02000576,Islington,0.253421186,11838,0.021407433,0.056259503,0.207831325,0.142735407,7.3,4.44,2.95
E02000577,Kensington and Chelsea,0.592329335,6753,0.08771351,0.09832667,0.303198887,0.244339492,10.58,7.58,5.92
E02000578,Kensington and Chelsea,1.367755172,5849,0.233844276,0.116772098,0.277410832,0.170921007,10.08,6.41,5.16
E02000579,Kensington and Chelsea,0.491098834,8145,0.060294516,0.09490485,0.197779792,0.107126277,9.79,5.63,4.72
E02000580,Kensington and Chelsea,0.624843789,8002,0.078085952,0.091477131,0.19273802,0.148931254,8.59,4.28,4.14
E02000581,Kensington and Chelsea,0.604047116,6622,0.091218229,0.139383872,0.271917808,0.188133735,9.01,4.69,4.47
E02000582,Kensington and Chelsea,0.8256502,7267,0.113616375,0.11627907,0.130743618,0.03930017,6.87,2.74,2.38
E02000583,Kensington and Chelsea,0.287521564,6956,0.041334325,0.109401955,0.139975093,0.042174449,8.01,3.21,3.2
E02000584,Kensington and Chelsea,0.124331717,8043,0.015458376,0.11513117,0.111111111,0.022377109,7.47,2.43,2.38
E02000585,Kensington and Chelsea,0.249252243,8024,0.03106334,0.118145563,0.144315545,0.045085878,7.35,2.97,2.61
E02000586,Kensington and Chelsea,0,7663,0,0.085475662,0.10794897,0.021366971,6.46,2.32,2.11
E02000587,Kensington and Chelsea,0.538068335,7434,0.072379383,0.119854722,0.124148769,0.01236209,7.99,2.48,2.74
E02000588,Kensington and Chelsea,0.254582485,7856,0.032406121,0.125381874,0.092175777,0.013727172,7.59,2.29,2.05
E02000589,Kensington and Chelsea,0.575771534,8684,0.066302572,0.075080608,0.130099728,0.033988631,6.87,3.11,2.67
E02000590,Kensington and Chelsea,0.291502696,6861,0.042486911,0.139338289,0.165760092,0.046044191,7.47,2.4,2.33
E02000591,Kensington and Chelsea,0.586252382,6823,0.085922964,0.085006595,0.174717085,0.058354262,7.41,3.67,3.32
E02000592,Kensington and Chelsea,0.579122629,6907,0.083845755,0.105255538,0.104182905,0.013163733,7.29,2.38,2.21
E02000593,Kensington and Chelsea,0.12363996,8088,0.01528684,0.086918892,0.136046773,0.03593914,7.81,3.87,3.47
E02000594,Kensington and Chelsea,1.285347044,7780,0.165211702,0.176606684,0.123210634,0.022062879,10.55,4.63,3.94
E02000595,Kensington and Chelsea,0.399627015,7507,0.053233917,0.131610497,0.153768336,0.023871232,7.53,3.18,2.72
E02000596,Kensington and Chelsea,1.168831169,7700,0.151796256,0.094675325,0.14071646,0.018889746,7.65,3.36,2.84
E02000597,Kensington and Chelsea,0.553020877,7233,0.076458022,0.117516936,0.228198116,0.08513324,7.43,4.02,3.07
E02000598,Kingston upon Thames,0.244021474,8196,0.02977324,0.106637384,0.254000508,0.011739186,10.11,4.12,3.41
E02000599,Kingston upon Thames,0.946521533,8452,0.111987877,0.133577851,0.227215588,0.028610729,7.78,3.42,3.32
E02000600,Kingston upon Thames,0.523395792,9553,0.054788631,0.086988381,0.238434164,0.03343465,6.99,3.28,2.78
E02000601,Kingston upon Thames,0,13059,0,0.059805498,0.206952743,0.019118071,7.8,3.65,2.77
E02000602,Kingston upon Thames,0,11592,0,0.058833678,0.25338696,0.054952077,6.66,3.25,2.7
E02000603,Kingston upon Thames,0.453669048,8817,0.051453901,0.075649314,0.2890625,0.03956743,9.32,3.9,3.93
E02000604,Kingston upon Thames,0.321577875,9329,0.034470777,0.090792153,0.238730451,0.020265549,11.57,4.66,4.96
E02000605,Kingston upon Thames,0.839529863,8338,0.100687199,0.120532502,0.234188468,0.015134173,10.91,4.3,4.66
E02000606,Kingston upon Thames,0.178906879,11179,0.016003836,0.075767063,0.190189329,0.022558623,7.27,3.45,2.87
E02000607,Kingston upon Thames,0,8004,0,0.073338331,0.207017544,0.024161663,8.78,3.76,3.36
E02000608,Kingston upon Thames,0,7572,0,0.07078711,0.189990282,0.034606035,8.25,3.67,3.17
E02000609,Kingston upon Thames,0.390015601,7692,0.050704056,0.137675507,0.253861848,0.023127605,11.76,5.01,4.94
E02000610,Kingston upon Thames,0.865158818,8091,0.10692854,0.10147077,0.183544304,0.027002228,9.58,4.05,3.67
E02000611,Kingston upon Thames,0.135869565,7360,0.018460539,0.149320652,0.253829322,0.012990565,10.64,4.51,4.32
E02000612,Kingston upon Thames,0.488878025,8182,0.059750431,0.155707651,0.241077932,0.013826607,12.08,5.06,4.64
E02000613,Kingston upon Thames,0.240153698,8328,0.028836899,0.105907781,0.231942789,0.027164902,9.62,4.02,3.83
E02000614,Kingston upon Thames,0.330578512,9075,0.036427384,0.081322314,0.28018648,0.028200857,11.33,5.16,4.98
E02000615,Kingston upon Thames,0.388701736,7718,0.050363013,0.125680228,0.277820219,0.024227011,12.17,5.02,4.77
E02000616,Kingston upon Thames,0.166583375,6003,0.027750021,0.114609362,0.277162526,0.014259658,11.78,4.87,4.6
E02000617,Kingston upon Thames,0.223964166,8930,0.025079974,0.104927212,0.277246208,0.022373199,11.62,4.84,4.64
E02000619,Lambeth,0.549813064,9094,0.060458881,0.0732351,0.23564653,0.29364291,10.66,5.87,5
E02000620,Lambeth,0.475465957,10516,0.045213575,0.059718524,0.215682587,0.240234792,9.54,6.83,4.44
E02000621,Lambeth,0.682360969,11724,0.058202061,0.05313886,0.219605347,0.186499185,6.12,4.2,3.29
E02000622,Lambeth,0.4459806,8969,0.049724674,0.048946371,0.211343407,0.23869533,8.37,5.62,4.38
E02000623,Lambeth,0.492914356,8115,0.060741141,0.070979667,0.266203129,0.298873592,8.87,5.43,4.74
E02000624,Lambeth,0.673174015,8913,0.075527209,0.050375855,0.239608218,0.342778335,9.25,5.99,4.83
E02000625,Lambeth,0.357781753,8385,0.042669261,0.050327967,0.285470502,0.334170554,8.44,5.52,4.48
E02000626,Lambeth,0.948204338,8437,0.112386433,0.043854451,0.314835471,0.482953861,9.67,6.45,5.14
E02000627,Lambeth,0.300090027,9997,0.030018008,0.056016805,0.221604163,0.277713927,9.26,5.68,4.55
E02000628,Lambeth,0.92175338,9764,0.094403255,0.061757476,0.267744049,0.416503956,11.29,6.35,5.69
E02000629,Lambeth,0.215866163,9265,0.0232991,0.043820831,0.170546559,0.165836378,6.89,4.09,3.32
E02000630,Lambeth,0.620116582,8063,0.076908915,0.05196577,0.171792153,0.135012386,6.4,3.48,2.81
E02000631,Lambeth,0.530166472,9431,0.056215298,0.06308981,0.237237237,0.200634058,8.8,6.48,4.13
E02000632,Lambeth,0.213219616,9380,0.022731302,0.03880597,0.167636787,0.175388819,8.8,5.31,4.35
E02000633,Lambeth,0.327189443,9169,0.03568431,0.047660595,0.227068634,0.34054617,8.35,4.68,4.2
E02000634,Lambeth,1.01744186,6880,0.147883991,0.06497093,0.206139256,0.253432661,7.22,4.29,3.48
E02000635,Lambeth,0.866926745,9228,0.093945248,0.045405288,0.23923265,0.312001747,8.3,4.86,3.84
E02000636,Lambeth,0.850753525,8228,0.103397366,0.052139037,0.137714863,0.078151591,6.51,3.69,3.04
E02000637,Lambeth,0.552791598,9045,0.06111571,0.05196241,0.197978704,0.222055946,7.49,4.12,3.68
E02000638,Lambeth,0.276803838,10838,0.025540122,0.051762318,0.255157034,0.298242069,8.39,5.49,4.15
E02000639,Lambeth,0.242277408,8255,0.029349171,0.042156269,0.296155792,0.373814509,8.08,5.52,3.81
E02000640,Lambeth,0.608951588,9853,0.061803673,0.060692175,0.179807867,0.14622383,7.23,3.6,3.28
E02000641,Lambeth,0.457404231,8745,0.052304658,0.050200114,0.309690829,0.448114819,8.7,5.29,4.28
E02000642,Lambeth,0.405844156,9856,0.04117737,0.069602273,0.231292517,0.218321562,7.82,3.8,3.55
E02000643,Lambeth,0.52295785,9561,0.054696982,0.055538124,0.223189637,0.210060939,7.5,5.3,3.65
E02000644,Lambeth,0.220799293,9058,0.024376164,0.052439832,0.235444658,0.232018561,8.4,5.35,4.15
E02000645,Lambeth,0.306968178,9773,0.031409821,0.053514786,0.250203417,0.226607539,8.61,5.01,3.93
E02000646,Lambeth,0.38420901,10411,0.036904141,0.064739218,0.226082212,0.145926982,7.83,5.43,4.18
E02000647,Lambeth,1.076078769,9293,0.115794552,0.088346067,0.260308111,0.231050336,8.91,5.73,4.28
E02000648,Lambeth,0.95272121,8397,0.113459713,0.067524116,0.289077213,0.384802978,9.58,5.61,4.58
E02000649,Lambeth,0.368459838,13570,0.02715253,0.046573324,0.252422632,0.224040783,8.87,5.54,4.75
E02000650,Lambeth,0.513149455,7795,0.065830591,0.053624118,0.247166757,0.285021552,9.5,5.11,4.2
E02000651,Lambeth,0.329163924,9114,0.036116296,0.076475752,0.252650177,0.241997439,9.35,5.22,5.07
E02000652,Lambeth,0.384221311,7808,0.049208672,0.085809426,0.291762673,0.30802662,10.46,5.75,6.31
E02000653,Lewisham,0.791347929,11373,0.069581283,0.036050295,0.28426276,0.325491573,7.85,6.09,4.05
E02000654,Lewisham,0.692520776,8664,0.079930837,0.044090489,0.340400119,0.39434173,8.15,5.93,4.18
E02000655,Lewisham,1.390374332,9350,0.148703137,0.045454545,0.302080783,0.360989279,9.37,6.13,4.44
E02000657,Lewisham,0.102417042,9764,0.010489251,0.044858664,0.266721379,0.272526988,9.02,5.94,4.14
E02000658,Lewisham,0.112688754,8874,0.012698755,0.057358576,0.265911665,0.247654559,10.24,6.58,4.83
E02000659,Lewisham,0.125203456,7987,0.015675905,0.066983849,0.214649034,0.188385085,9.03,4.18,3.77
E02000660,Lewisham,0.469043152,8528,0.05500037,0.045262664,0.224080958,0.202649171,9.86,5.85,4.17
E02000661,Lewisham,0.440463955,6811,0.064669499,0.100866246,0.201201201,0.099968464,9.81,4.21,3.23
E02000662,Lewisham,0.340367597,8814,0.0386167,0.043453597,0.303827189,0.352962963,8.47,6.11,4.14
E02000663,Lewisham,0.405076965,7406,0.054695782,0.062381853,0.260118587,0.240061162,10.58,5.53,4.13
E02000664,Lewisham,0.55877628,14317,0.039028866,0.047984913,0.268111579,0.285757454,9.65,5.44,4.16
E02000665,Lewisham,0.34348523,8734,0.039327368,0.071788413,0.237831603,0.169909045,9.88,5.44,4.16
E02000666,Lewisham,0.950441276,7365,0.129048374,0.076306857,0.281610738,0.238082229,9.76,6.46,4.37
E02000667,Lewisham,0.570450656,7012,0.081353488,0.0653166,0.268558326,0.223905724,9.54,6,4.26
E02000668,Lewisham,0.400587528,7489,0.053490123,0.082788089,0.244641326,0.157127835,10.52,4.59,4.2
E02000669,Lewisham,0.611246944,8180,0.074724565,0.059290954,0.240304369,0.293163075,10.54,7.7,4.7
E02000670,Lewisham,0.902934537,6645,0.135881796,0.059593679,0.322222222,0.395779171,11.02,6.96,5.15
E02000671,Lewisham,0.343327993,8738,0.03929137,0.063744564,0.243142418,0.219683446,9.9,5.85,4.44
E02000672,Lewisham,0.602228245,9963,0.060446476,0.058315768,0.300299551,0.363972783,10.42,6.35,4.94
E02000673,Lewisham,0.114982178,8697,0.013220901,0.06335518,0.240699238,0.1749719,8.6,4.93,3.54
E02000674,Lewisham,0.576967459,8666,0.06657829,0.076852066,0.286697248,0.361447286,12.84,7.21,5.66
E02000675,Lewisham,0.445632799,8976,0.049647148,0.084670232,0.286530224,0.171014139,11.29,5.78,5.17
E02000676,Lewisham,0.361054278,8309,0.043453397,0.070646287,0.259099617,0.236224556,9.43,6.03,4.07
E02000677,Lewisham,0.532765051,7508,0.07095965,0.086840703,0.28575573,0.343658842,12.1,7.03,6.06
E02000678,Lewisham,0.583856371,6851,0.085222066,0.074149759,0.327181853,0.314112042,10.92,6.04,5.07
E02000679,Lewisham,0.598086124,8360,0.071541402,0.069856459,0.293029151,0.262745098,9.37,6.57,3.82
E02000680,Lewisham,0.65027962,7689,0.084572717,0.065288074,0.294135708,0.261428363,10.96,8.02,4.61
E02000681,Lewisham,0.686655985,8738,0.07858274,0.08331426,0.331942126,0.336298493,11.66,7.82,5.03
E02000682,Lewisham,0.444395067,9001,0.049371744,0.080991001,0.332932692,0.307767704,11.89,6.68,6.29
E02000683,Lewisham,0.46253469,6486,0.07131278,0.089423373,0.30620438,0.247827436,12.69,6.51,5.8
E02000685,Lewisham,0.947530499,8443,0.112226756,0.080540092,0.276851599,0.261492382,11.24,7.8,4.69
E02000686,Lewisham,0.402955003,7445,0.054124245,0.062726662,0.356174423,0.35264182,11.61,7.79,5.1
E02000687,Lewisham,1.301159215,8454,0.153910482,0.084220487,0.27753304,0.227100681,12.06,7.61,4.85
E02000689,Merton,0.12025012,8316,0.014460091,0.05952381,0.182684166,0.028820538,7.16,2.75,2.75
E02000690,Merton,0.718778077,5565,0.129160481,0.185085355,0.142232817,0.009016973,8.11,1.73,2.09
E02000691,Merton,0.266595575,7502,0.0355366,0.07171421,0.181818182,0.034769566,6.75,2.27,2.77
E02000692,Merton,0.510986203,7828,0.065276725,0.126980072,0.145945946,0.01357348,7.18,1.86,2.15
E02000693,Merton,0.639386189,9384,0.068135783,0.058290708,0.23787802,0.073367492,7.6,3.78,4.17
E02000694,Merton,0.21896212,9134,0.023972205,0.060324064,0.192861147,0.045360825,7.2,2.76,3.44
E02000695,Merton,0.476871722,8388,0.05685166,0.091678588,0.280292315,0.194400869,9.14,4.68,5.04
E02000696,Merton,0.875656743,7994,0.109539247,0.052664498,0.292339168,0.150644202,8.65,4.35,4.72
E02000697,Merton,0.112233446,8910,0.012596346,0.05342312,0.17191601,0.018985031,7.29,2.84,2.96
E02000698,Merton,0.375281461,7994,0.046945392,0.123092319,0.174667002,0.015481064,7.45,2.99,2.52
E02000699,Merton,0.120627262,8290,0.014550936,0.082750302,0.187702966,0.017167382,7.87,3.22,3.02
E02000700,Merton,0.945738267,8459,0.111802609,0.055325689,0.285216988,0.153679131,9.3,3.73,4.82
E02000701,Merton,1.06546703,8447,0.126135555,0.080501953,0.324018127,0.19759981,10.79,5.03,5.72
E02000702,Merton,0.344273583,8714,0.0395081,0.066444801,0.316798196,0.268263943,11.31,5.67,5.95
E02000703,Merton,0.376222724,7974,0.047181179,0.125407575,0.227352572,0.033354633,8.64,4.12,4.08
E02000704,Merton,1.324822353,8303,0.159559479,0.088763098,0.223432637,0.043141307,8.19,3.53,3.1
E02000705,Merton,1.295336788,8492,0.152536127,0.092439943,0.294755421,0.270433284,11.4,6.46,5.97
E02000706,Merton,0.21310602,9385,0.022707088,0.063505594,0.327019205,0.237536316,11.41,5.2,5.9
E02000707,Merton,0.670780789,7454,0.089989373,0.072310169,0.332828589,0.372161368,11.83,7.83,5.92
E02000708,Merton,0.589831308,8477,0.069580194,0.102276749,0.237163251,0.027999035,10.9,4.41,4.37
E02000709,Merton,0.650872169,7682,0.084726916,0.131866701,0.264004019,0.033112583,9.21,4.25,4.02
E02000710,Merton,1.05361742,8542,0.123345519,0.120814797,0.296576953,0.143714732,11.92,5.72,6.29
E02000711,Merton,0.451161741,8866,0.050886729,0.074667268,0.293326436,0.060063741,9.36,5.48,5.76
E02000712,Merton,0.462160601,8655,0.053398105,0.100404391,0.306762093,0.083476863,11.08,6.36,5.77
E02000713,Merton,0.40371417,7431,0.054328377,0.126093393,0.284638554,0.046595461,11.77,6.7,5.02
E02000714,Newham,0.362756953,8270,0.043864202,0.048730351,0.314529005,0.268658552,8.14,6,4.54
E02000715,Newham,2.827036751,7782,0.363278945,0.060267283,0.329501916,0.199566454,9.2,7.39,7.25
E02000716,Newham,1.271617497,7864,0.161701106,0.059384537,0.288520149,0.174462877,9.53,7.29,6.98
E02000717,Newham,0.347061546,8644,0.040150572,0.047778806,0.29734909,0.158869275,9.56,7.64,7.15
E02000718,Newham,0,7563,0,0.047732381,0.350461133,0.240794857,9.52,7.79,7.04
E02000719,Newham,1.143249114,8747,0.130701854,0.06402195,0.311048737,0.242210321,8.81,5.96,5
E02000720,Newham,0.379362671,7908,0.047972012,0.064618108,0.293251534,0.133769878,9.5,7.12,6.37
E02000721,Newham,0.807999192,9901,0.081607837,0.050802949,0.3086453,0.145266425,9.44,6.85,6.82
E02000722,Newham,0.69637883,8616,0.080823912,0.047005571,0.291280589,0.204230489,7.98,5.09,4.57
E02000723,Newham,0.800355714,11245,0.071174363,0.060738106,0.262048193,0.071792453,11.35,8.52,8.26
E02000724,Newham,0.899910009,10001,0.089982003,0.057694231,0.297125484,0.102496017,10.9,7.88,7.72
E02000725,Newham,0.390586857,10241,0.038139523,0.041792794,0.279614042,0.213609734,7.7,5.24,4.27
E02000726,Newham,0.200248308,24969,0.008019877,0.016900957,0.269662921,0.212887989,5.24,5.34,3.12
E02000727,Newham,0.464738004,8607,0.053995353,0.046125247,0.27384077,0.090909091,10.74,7.68,7.76
E02000728,Newham,0.489596083,8170,0.059926081,0.052876377,0.274093722,0.068554759,11.32,8.44,7.86
E02000729,Newham,1.080205239,7406,0.14585542,0.05779098,0.283447418,0.179943503,8.89,5.96,5.8
E02000730,Newham,0.328983441,9119,0.036076702,0.065577366,0.277290181,0.108318505,10.31,6.68,7.46
E02000731,Newham,0.545702592,10995,0.049631887,0.049931787,0.28588263,0.08726298,10.7,8.51,7.75
E02000732,Newham,0.996636352,8027,0.124160502,0.056060795,0.33525803,0.172878668,9.83,7.77,7.54
E02000733,Newham,0.289407679,10366,0.027918935,0.056627436,0.310908666,0.278449867,8.09,6.57,4.78
E02000734,Newham,0.521240553,7674,0.067922928,0.055381809,0.319801673,0.278853703,8.22,6.49,5.18
E02000735,Newham,0.697836706,8598,0.081162678,0.075017446,0.292565175,0.165523609,9.54,7.5,6.61
E02000736,Newham,0.54662731,9147,0.059760283,0.050945665,0.339207048,0.201493408,9.63,7.8,6.41
E02000737,Newham,0.78369906,10208,0.076773027,0.062989812,0.314262906,0.171931312,9.45,7.89,6.31
E02000738,Newham,0.438788943,9116,0.048133934,0.053422554,0.296511628,0.140309437,8.85,7.59,6.85
E02000739,Newham,0.12926577,7736,0.016709639,0.05196484,0.311612903,0.239773716,9.25,7.5,5.63
E02000740,Newham,0.421525924,7117,0.059228035,0.045665308,0.329956096,0.303142056,8.42,6.93,4.89
E02000741,Newham,0.669941938,8956,0.0748037,0.050245645,0.327935223,0.224064883,9.55,7.66,6.06
E02000742,Newham,0.340058944,8822,0.038546695,0.054522784,0.336757624,0.234603373,8.91,7.6,5.91
E02000743,Newham,0.588235294,10200,0.057670127,0.055196078,0.3392,0.312992626,9.12,7.38,5.28
E02000744,Newham,0.84254871,9495,0.088736041,0.054555029,0.321172249,0.250965251,10.45,8.09,5.59
E02000745,Newham,0.475567709,8411,0.056541161,0.044584473,0.323288395,0.260041764,8.68,7.91,4.47
E02000746,Newham,0.702658391,8539,0.082288136,0.037006675,0.295382669,0.223245733,7.8,7.56,4.09
E02000747,Newham,0.298018179,13422,0.022203709,0.046341827,0.241660489,0.223276348,9.09,7.79,4.86
E02000748,Newham,0.457875458,6552,0.069883312,0.041208791,0.311026352,0.18974359,7.97,7.71,4.14
E02000749,Newham,0.684072512,8771,0.077992534,0.051191426,0.342169409,0.3128437,9.8,8.21,4.85
E02000750,Newham,0.202702703,14800,0.013696129,0.025540541,0.250345543,0.243187564,7.08,6.3,3.53
E02000751,Redbridge,1.030444965,10675,0.096528802,0.167306792,0.227599244,0.029936672,10.56,4.6,3.63
E02000752,Redbridge,0.393494229,7624,0.051612569,0.090110178,0.314598798,0.100660308,11.05,6.44,5.15
E02000753,Redbridge,0.455235205,6590,0.069079697,0.106525038,0.299886835,0.086347344,11.34,6.59,5.26
E02000754,Redbridge,0.744601638,6715,0.11088632,0.094266567,0.265791883,0.07515528,11.33,5.6,4.37
E02000755,Redbridge,0.717231486,5577,0.128605251,0.113681191,0.301770593,0.073974703,12.26,5.86,5.42
E02000756,Redbridge,0.802626779,13705,0.058564522,0.100328347,0.27048242,0.066666667,10.68,5.23,5.81
E02000757,Redbridge,0.157035176,12736,0.012330023,0.097283291,0.24235474,0.044720389,10.56,5.54,3.97
E02000758,Redbridge,0.320924262,6232,0.051496191,0.119544288,0.309853734,0.099445658,10.45,5.41,5.94
E02000759,Redbridge,0.524462426,13347,0.039294405,0.076871207,0.279404548,0.104865493,10.58,5.7,4.14
E02000760,Redbridge,0.700967335,7133,0.098271041,0.113696902,0.309217047,0.081356907,9.33,4.94,5.97
E02000762,Redbridge,0.301841232,6626,0.045554065,0.116661636,0.262556287,0.058505564,10.52,5.34,6.6
E02000763,Redbridge,0.658587987,7592,0.086747627,0.088777661,0.282934609,0.098152425,9.36,5.51,6.49
E02000764,Redbridge,0.803277372,12449,0.064525454,0.128604707,0.226794554,0.041719343,10.95,4.85,3.88
E02000765,Redbridge,0,6860,0,0.099562682,0.258292167,0.060927362,10.76,5.5,7.12
E02000767,Redbridge,0.837120306,8362,0.100110058,0.094833772,0.275315527,0.072085084,10.15,5.75,7.07
E02000768,Redbridge,0.172028213,5813,0.029593706,0.12420437,0.254076087,0.053886926,11.31,4.54,3.91
E02000769,Redbridge,0.947807406,15826,0.059889259,0.070200935,0.29847057,0.165883426,9.23,5.9,5.99
E02000770,Redbridge,0.495356037,8075,0.061344401,0.079504644,0.276217228,0.090320021,9.84,6.43,6.94
E02000772,Redbridge,0.447377251,8941,0.050036601,0.056928755,0.301386749,0.11213189,10.52,5.78,7.08
E02000773,Redbridge,0.396825397,10080,0.039367599,0.060714286,0.284613409,0.104805392,10.27,6.74,7.4
E02000774,Redbridge,0.131908719,7581,0.01739991,0.07518797,0.271956595,0.106954835,9.82,6.51,6.81
E02000776,Redbridge,0.566491998,7061,0.080228296,0.062880612,0.264354959,0.085844319,9.8,7.31,7.59
E02000777,Redbridge,0.491480996,6104,0.080517856,0.106487549,0.261075414,0.073771885,12.7,5.66,4.46
E02000779,Redbridge,1.00896861,8920,0.113113073,0.055269058,0.24547723,0.085408334,8.78,6.42,7.06
E02000780,Redbridge,0.459981601,17392,0.026447884,0.05324287,0.264557872,0.108823128,10.04,6.75,7.17
E02000781,Redbridge,0.662339383,15098,0.043869346,0.086302822,0.271583362,0.091793446,9.79,6.48,6.66
E02000782,Redbridge,0.660626652,10596,0.062346796,0.056342016,0.308559245,0.148132199,9.45,7.06,6.86
E02000783,Redbridge,0,7770,0,0.053153153,0.311858843,0.171605789,9.11,7.12,6.22
E02000784,Richmond upon Thames,0.596658711,10056,0.059333603,0.129276054,0.185049256,0.015341295,10.06,2.5,2.39
E02000785,Richmond upon Thames,0.30284676,9906,0.030572053,0.131132647,0.148384673,0.00814853,8.19,2.5,2.21
E02000786,Richmond upon Thames,0.261278523,11482,0.022755489,0.097979446,0.173719743,0.014653357,8.82,2.75,2.09
E02000787,Richmond upon Thames,0,11970,0,0.089974937,0.196048632,0.023216939,8.41,2.58,2.36
E02000788,Richmond upon Thames,0.548606539,9114,0.060193827,0.101931095,0.179562658,0.008398527,8.61,2.68,2.29
E02000789,Richmond upon Thames,0.612557427,6530,0.09380665,0.11669219,0.159318048,0.009199484,8.29,2.73,2.47
E02000790,Richmond upon Thames,0.450992183,6652,0.067797983,0.076217679,0.151574803,0.008558049,9.43,3.55,3.23
E02000791,Richmond upon Thames,0.282645562,7076,0.039944257,0.110090447,0.134375,0.011406225,8.16,2.92,2.49
E02000792,Richmond upon Thames,0.691276096,7233,0.095572528,0.126780036,0.153439153,0.008012591,8.92,3.14,2.56
E02000793,Richmond upon Thames,0.60284543,8294,0.072684523,0.117795997,0.257846451,0.024008865,11.25,5.48,4.4
E02000794,Richmond upon Thames,0.572327944,6989,0.081889819,0.101731292,0.202014702,0.009835073,9.11,3.68,3.21
E02000795,Richmond upon Thames,0.279837694,7147,0.039154568,0.143696656,0.181876814,0.013772108,9.02,2.88,2.6
E02000796,Richmond upon Thames,0.646233383,10832,0.059659655,0.116414328,0.271765663,0.037525453,11.64,6.27,4.88
E02000797,Richmond upon Thames,0.255591054,7825,0.032663394,0.079616613,0.174858437,0.009743516,8.3,3.71,2.86
E02000798,Richmond upon Thames,0.179372197,11150,0.016087193,0.093004484,0.226395409,0.017667173,9.32,4.86,3.45
E02000799,Richmond upon Thames,0.312207306,6406,0.048736701,0.102716204,0.215123095,0.011223694,7.96,3.99,2.71
E02000800,Richmond upon Thames,0.550964187,5445,0.101187179,0.115702479,0.259128386,0.022955247,10.18,2.94,3.09
E02000801,Richmond upon Thames,0,7264,0,0.093887665,0.188084424,0.008474576,8.65,3.01,2.61
E02000802,Richmond upon Thames,0.720876586,6936,0.10393261,0.130911188,0.213266163,0.010819624,9.64,3.85,3.1
E02000803,Richmond upon Thames,0.316789863,9470,0.033451939,0.127771911,0.260025597,0.023010547,10.52,4.08,3.83
E02000804,Richmond upon Thames,0.820793434,7310,0.112283643,0.11997264,0.206834991,0.009006473,8.72,2.72,2.53
E02000805,Richmond upon Thames,0.086880973,11510,0.007548303,0.105039096,0.202504402,0.015654046,7.64,2.28,2.51
E02000806,Richmond upon Thames,0.388085767,10307,0.037652641,0.133113418,0.225114855,0.010415623,10.61,4.04,3.86
E02000807,Southwark,0.211954218,9436,0.022462295,0.045358203,0.184844583,0.064477325,8.31,6.67,3.93
E02000808,Southwark,0,11200,0,0.041875,0.214472212,0.134146341,7.07,5.33,3.78
E02000809,Southwark,0.071143995,14056,0.005061468,0.023975526,0.136581853,0.103150884,8.69,6.41,3.97
E02000810,Southwark,0.074543422,13415,0.005556722,0.043533358,0.241911609,0.198053368,7.95,5.39,4.01
E02000812,Southwark,1.031894934,10660,0.096800651,0.059943715,0.238318634,0.245286686,8.98,6.53,4.64
E02000813,Southwark,0.279850746,10720,0.02610548,0.051119403,0.279705323,0.210918403,7.73,6.48,3.61
E02000814,Southwark,1.317790167,9865,0.133582379,0.046933604,0.188981993,0.101826167,10.26,7.6,5.02
E02000815,Southwark,0.286123033,6990,0.040933195,0.036194564,0.245229279,0.202708943,7.6,5.53,4.13
E02000816,Southwark,0.477874415,10463,0.045672791,0.057822804,0.291760978,0.205573372,7.99,5.99,3.94
E02000817,Southwark,0.825082508,7272,0.113460191,0.083333333,0.326589595,0.25500462,8.14,6.38,3.92
E02000818,Southwark,0.482101965,8297,0.058105576,0.06628902,0.290057518,0.267985134,9.97,7.7,4.92
E02000819,Southwark,0.788732394,8875,0.088871256,0.05115493,0.307934014,0.292603728,9.45,7.76,4.78
E02000820,Southwark,0.193535901,10334,0.018728072,0.055157732,0.276134568,0.251205457,9.96,7.09,4.79
E02000821,Southwark,0.845717047,8277,0.102176761,0.05823366,0.346438746,0.41342714,9.13,7.34,4.53
E02000822,Southwark,0.417072153,7193,0.05798306,0.050187682,0.345549738,0.396252003,8.68,6.65,4.09
E02000823,Southwark,0.112132765,8918,0.012573757,0.064588473,0.295669997,0.314884262,9.97,7.28,4.89
E02000824,Southwark,0.406462758,9841,0.041302993,0.062087186,0.358027878,0.512855351,11.13,8.3,5.74
E02000825,Southwark,0.9447827,9526,0.099179372,0.051438169,0.347405016,0.545030573,11.65,8.24,6
E02000826,Southwark,1.084363479,9222,0.117584415,0.060182173,0.305470045,0.38040054,9.76,7.13,5.16
E02000827,Southwark,0.181967064,10991,0.016556006,0.054226185,0.338141356,0.438169708,9.94,7.15,5.24
E02000828,Southwark,0.928397354,8617,0.107740206,0.052338401,0.350108225,0.46224502,11.41,7.92,6.04
E02000829,Southwark,1.281613124,11704,0.109502147,0.05562201,0.312221773,0.41293676,9.98,7.04,5.24
E02000830,Southwark,0.637416339,9413,0.067716598,0.060235844,0.235176682,0.23416009,9.59,6.7,4.85
E02000831,Southwark,0.598862162,10019,0.059772648,0.059886216,0.24895854,0.273405843,10.13,6.23,5.25
E02000832,Southwark,0.27785496,10797,0.02573446,0.075298694,0.30335097,0.396586345,9.22,6.13,4.91
E02000833,Southwark,0.338066261,8874,0.038096266,0.053189092,0.302599839,0.325209542,7.46,5.22,3.35
E02000834,Southwark,0.501303389,9974,0.050261018,0.067876479,0.212035398,0.158495489,8.73,5.17,3.82
E02000835,Southwark,0.12703252,7872,0.016137261,0.060848577,0.260667396,0.256218905,9.35,5.46,4.4
E02000836,Southwark,0.463231036,8635,0.053645748,0.063231036,0.216455696,0.136650485,8.53,5.33,3.8
E02000837,Southwark,0.104058273,9610,0.010828124,0.089073881,0.202123142,0.05976885,8.91,3.82,3.27
E02000838,Southwark,0.309661437,9688,0.031963402,0.068228737,0.247973107,0.172984749,8.79,5.13,4.26
E02000839,Southwark,0.11820331,8460,0.013972022,0.088534279,0.243684613,0.195246391,9.35,4.85,4.14
E02000840,Sutton,0,8618,0,0.071362265,0.340665236,0.084077836,10.04,6.71,4.76
E02000841,Sutton,0.43047783,9292,0.046327791,0.073826948,0.354058722,0.074762069,10.92,6.28,5.19
E02000842,Sutton,0.503968754,7937,0.063496126,0.113896938,0.300297324,0.04109053,12.98,6.71,5.37
E02000843,Sutton,0.968054211,8264,0.117141119,0.074298161,0.263651672,0.067911941,10.76,8.1,4.89
E02000844,Sutton,0.119431506,8373,0.014263885,0.085393527,0.314045373,0.069674765,10.53,6.41,4.74
E02000845,Sutton,0,9928,0,0.080983078,0.256474,0.018157212,11.96,4.62,4.48
E02000846,Sutton,0.134535181,7433,0.018099715,0.132113548,0.291479821,0.046505033,10.85,5.6,4.8
E02000847,Sutton,0.52882073,9455,0.055930273,0.158434691,0.279849923,0.016935667,12.42,4.14,4.87
E02000848,Sutton,0.373041532,8042,0.046386662,0.112409848,0.290052606,0.016858917,13.23,3.74,5.2
E02000849,Sutton,0.628140704,7960,0.078912149,0.108668342,0.284436494,0.053573814,11.73,6.65,5.18
E02000850,Sutton,0.458589379,10903,0.042060844,0.102632303,0.269266309,0.079154137,12.55,6.63,5.44
E02000851,Sutton,0.805882946,9927,0.081180915,0.096303012,0.293123408,0.068427371,10.42,5.25,4.45
E02000852,Sutton,0.500250125,7996,0.062562547,0.094547274,0.274457831,0.035647027,11.03,5.73,4.78
E02000853,Sutton,0.616142945,8115,0.075926426,0.094269871,0.287283378,0.03780295,11.23,5.11,4.46
E02000854,Sutton,0.264445326,7563,0.034965665,0.110934814,0.255584416,0.029150824,11.2,6.3,4.77
E02000855,Sutton,0.374344896,8014,0.046711367,0.144996257,0.257029112,0.016694491,11.8,3.62,4.27
E02000856,Sutton,0.326583932,9186,0.035552355,0.10711953,0.272111913,0.043052838,13.31,6.95,5.54
E02000857,Sutton,0.80348944,8712,0.092227897,0.120293848,0.249716232,0.044528779,11.67,4.35,4.29
E02000858,Sutton,0.117938436,8479,0.013909475,0.080787829,0.324243332,0.084774412,12.48,6.79,5.39
E02000859,Sutton,0.804597701,8700,0.092482494,0.157471264,0.281344032,0.052173913,13.43,6.83,5.5
E02000860,Sutton,0.586923348,8519,0.068895803,0.098133584,0.271241021,0.059620953,10.95,4.68,4.38
E02000861,Sutton,0.513149455,7795,0.065830591,0.153046825,0.241741357,0.025476857,10.45,5.06,4.38
E02000863,Sutton,0.438148094,6847,0.063991251,0.131152329,0.249218261,0.056227423,13.46,6,5.28
E02000864,Tower Hamlets,0.776397516,10304,0.075349138,0.057841615,0.285239546,0.119922864,7.61,6.51,4.7
E02000865,Tower Hamlets,0,8402,0,0.053439657,0.268742058,0.078428592,7.4,5.04,4.8
E02000866,Tower Hamlets,0.276650682,10844,0.025511867,0.055791221,0.240344207,0.069861312,7.01,5.47,4.45
E02000867,Tower Hamlets,0.236369367,12692,0.018623492,0.03364324,0.230992035,0.069767442,7.03,5.8,4.9
E02000868,Tower Hamlets,0.949410009,7373,0.128768481,0.04353723,0.228140131,0.055036188,6.96,5.01,4.85
E02000869,Tower Hamlets,0.455304295,6589,0.069100667,0.060251935,0.221455674,0.078177038,7.16,5.16,5.47
E02000870,Tower Hamlets,0.433275563,6924,0.062575905,0.052715194,0.266601879,0.059904277,6,4.74,4.2
E02000871,Tower Hamlets,0.612745098,11424,0.053636651,0.040178571,0.310612855,0.121406123,6.73,5.47,5.28
E02000872,Tower Hamlets,0.220531481,9069,0.024317067,0.035615834,0.199639825,0.062258366,6.16,4.89,4.84
E02000873,Tower Hamlets,0.370713624,10790,0.034357148,0.040778499,0.296273671,0.069436474,5.88,4.73,4.28
E02000874,Tower Hamlets,0.124455507,8035,0.015489173,0.037336652,0.308030803,0.074765044,6.22,4.97,5
E02000875,Tower Hamlets,0.44127381,13597,0.032453763,0.030080165,0.297282609,0.11684322,6.79,5.21,5.06
E02000876,Tower Hamlets,0.122910521,8136,0.015106996,0.027654867,0.251681957,0.060679267,6.32,5.08,5.53
E02000877,Tower Hamlets,0.232306024,12914,0.017988696,0.039801766,0.311075782,0.098949301,7.16,5.15,5.31
E02000878,Tower Hamlets,0.255580167,11738,0.021773741,0.043874595,0.212204185,0.04472098,6.31,4.08,5.32
E02000879,Tower Hamlets,0.86411752,9258,0.093337386,0.078958738,0.298468557,0.057374902,8.44,5.94,6.65
E02000880,Tower Hamlets,0.152068127,6576,0.023124715,0.04379562,0.277287319,0.048476454,7.51,5.38,6.14
E02000881,Tower Hamlets,0.765110941,9149,0.083627822,0.040878785,0.308906883,0.119988421,6.46,6.32,5.28
E02000882,Tower Hamlets,1.050219591,10474,0.100269199,0.043440901,0.317002882,0.071594607,8.71,6.68,7.2
E02000883,Tower Hamlets,0.669120107,8967,0.074620286,0.054198729,0.29751462,0.113836478,7.62,7.96,5.97
E02000884,Tower Hamlets,0.152288129,13133,0.011595837,0.03053377,0.182639434,0.041492406,6.68,4.6,5.63
E02000885,Tower Hamlets,1.033858878,7738,0.133608023,0.070560868,0.299607843,0.07382161,8.44,5.7,6.27
E02000886,Tower Hamlets,0.218221495,9165,0.02381031,0.040480087,0.199746515,0.062517063,7.91,6.14,5.5
E02000887,Tower Hamlets,1.072961373,11184,0.095937176,0.036212446,0.299333527,0.096535797,7.59,6.99,5.86
E02000888,Tower Hamlets,0.09797198,10207,0.009598509,0.033016557,0.19563083,0.070359099,7.87,5.3,5.61
E02000889,Tower Hamlets,0.235710077,8485,0.02777962,0.041249263,0.185983827,0.041414752,7.12,4.61,4.41
E02000890,Tower Hamlets,0,6681,0,0.059422242,0.12716477,0.021915444,7.43,4.44,3.59
E02000891,Tower Hamlets,0.154846702,19374,0.0079925,0.023123774,0.173333333,0.081400852,6.16,4.85,4.31
E02000893,Tower Hamlets,0.74019245,8106,0.091314144,0.051813472,0.231441048,0.052779006,6.34,4.73,3.6
E02000894,Tower Hamlets,0.424556339,11777,0.036049617,0.033879596,0.169931518,0.043898589,5.96,4.72,3.29
E02000895,Waltham Forest,1.218472036,8207,0.14846741,0.175947362,0.293564502,0.088858253,14.78,5.8,4.85
E02000896,Waltham Forest,1.8699813,9091,0.205695886,0.150588494,0.238291067,0.042999773,12.94,5.79,4.62
E02000897,Waltham Forest,0.583430572,8570,0.068078246,0.134072345,0.29349046,0.097189551,11.63,5.46,4.28
E02000898,Waltham Forest,1.501689401,7991,0.187922588,0.131397823,0.301849776,0.096774194,12.16,5.92,4.53
E02000899,Waltham Forest,0.345144961,8692,0.039708348,0.127013346,0.306388527,0.111616162,12.23,6.32,4.88
E02000900,Waltham Forest,0.68119891,8808,0.077338659,0.098433243,0.308631696,0.194238378,12.34,6.24,5.21
E02000901,Waltham Forest,0.390320062,10248,0.038087438,0.096604215,0.284407484,0.070750187,10.88,4.02,3.39
E02000902,Waltham Forest,0.411311054,9725,0.042294196,0.077326478,0.324947034,0.190620824,11.12,4.84,4.49
E02000903,Waltham Forest,0.307093868,9769,0.031435548,0.060292763,0.305895439,0.227358178,8.95,5.76,4.42
E02000904,Waltham Forest,0.335908633,8931,0.037611537,0.061919158,0.277650648,0.193485659,8.6,3.94,4.31
E02000905,Waltham Forest,0.680669,10284,0.066187184,0.051828082,0.262971175,0.166336427,8.83,5.16,4.08
E02000906,Waltham Forest,0.209402157,9551,0.021924632,0.056852686,0.262952774,0.155168685,9.04,5.43,4.31
E02000907,Waltham Forest,0.357973868,11174,0.032036323,0.06273492,0.291282051,0.24494899,7.53,4.81,3.78
E02000908,Waltham Forest,0.398692289,12541,0.031791108,0.045929352,0.270393299,0.184100418,8.69,5.71,4.42
E02000909,Waltham Forest,0.33281562,9014,0.036922079,0.069225649,0.270612153,0.158912037,8.28,5.23,4.17
E02000910,Waltham Forest,0.552231937,10865,0.050826685,0.059272895,0.253261275,0.133202468,8.23,5.27,4.72
E02000911,Waltham Forest,0.59686221,11728,0.050892071,0.054826057,0.277957091,0.157100809,9.47,6.32,4.96
E02000912,Waltham Forest,0.535733419,9333,0.057402059,0.080038573,0.299301048,0.17557913,9.19,5.68,5.22
E02000913,Waltham Forest,0.325027086,9230,0.035214202,0.075514626,0.303331676,0.158970825,8.72,5.36,5.03
E02000914,Waltham Forest,1.05848108,11337,0.093365183,0.059892388,0.306283906,0.225882575,9.68,5.78,5.78
E02000915,Waltham Forest,0.323519896,9273,0.034888374,0.056400302,0.260160786,0.146824019,8.47,5.42,4.68
E02000916,Waltham Forest,0.410130216,9753,0.042051699,0.053111863,0.289271585,0.264101212,9.74,5.05,5.44
E02000917,Waltham Forest,0.384024578,10416,0.036868719,0.045602919,0.292149574,0.204121688,8.6,5.26,4.89
E02000918,Waltham Forest,0.305872757,9808,0.031186048,0.053833605,0.282990574,0.168529476,9.11,5.6,4.89
E02000919,Waltham Forest,0.204185809,9795,0.020845922,0.058907606,0.296657671,0.149441492,9.12,5.75,5.23
E02000920,Waltham Forest,0.290500629,10327,0.028130205,0.051612278,0.318895871,0.24812744,7.78,4.96,4.47
E02000921,Waltham Forest,0.443655723,11270,0.03936608,0.054480923,0.316515651,0.260521771,9.49,6.29,5.33
E02000922,Waltham Forest,0.54699608,10969,0.049867452,0.053696782,0.296748768,0.259716811,9.47,6.45,5.25
E02000923,Wandsworth,0.990712074,8075,0.122688802,0.111455108,0.17724755,0.070109714,8.62,5.02,3.17
E02000924,Wandsworth,0.508979859,13753,0.037008642,0.045517342,0.253940731,0.221902794,6.82,4.95,3.15
E02000925,Wandsworth,0.75547721,7942,0.095124302,0.066607907,0.255060729,0.237385321,8.9,5.12,3.34
E02000926,Wandsworth,0.458211144,10912,0.04199149,0.066348974,0.208978328,0.112242614,8.2,4.76,3.37
E02000927,Wandsworth,0.543625985,7358,0.073882303,0.07678717,0.20129094,0.125036819,7.65,4.28,2.98
E02000928,Wandsworth,0,8554,0,0.085690905,0.154249127,0.02340979,5.91,3.6,1.83
E02000929,Wandsworth,0.265111347,7544,0.035142013,0.070917285,0.297822248,0.33337914,7.08,4.72,3.38
E02000930,Wandsworth,0.093101201,10741,0.008667834,0.041709338,0.15396941,0.084435717,5.83,3.78,2.59
E02000931,Wandsworth,0.313512384,9569,0.032763338,0.045354792,0.116747741,0.043072929,5.68,3.04,2.26
E02000932,Wandsworth,0.260846883,11501,0.022680365,0.051560734,0.154760297,0.029040404,5.79,3.66,2.08
E02000933,Wandsworth,0.111049417,9005,0.012331973,0.096612993,0.181905679,0.034050791,6.06,3.56,2.01
E02000934,Wandsworth,0.101040719,9897,0.010209227,0.047489138,0.157829457,0.105985722,5.19,3.29,2.44
E02000935,Wandsworth,0.140134529,7136,0.019637686,0.074831839,0.344765343,0.154160584,8.84,4.31,3.7
E02000936,Wandsworth,0.218531469,9152,0.023878001,0.092329545,0.182124789,0.043457383,6.3,3.66,2.15
E02000937,Wandsworth,0.118778952,8419,0.01410844,0.047274023,0.135382603,0.052045572,6.11,2.93,2.42
E02000938,Wandsworth,0.179629962,11134,0.016133462,0.09448536,0.27734375,0.112193589,7.69,4.3,3.25
E02000939,Wandsworth,1.437814522,8346,0.172275883,0.082314881,0.137720329,0.038529116,5.81,1.85,1.78
E02000940,Wandsworth,0.115580213,8652,0.013358786,0.055016181,0.229869843,0.157753669,5.65,3.5,2.55
E02000941,Wandsworth,0.577867668,10383,0.055655174,0.058364634,0.173781513,0.062669752,6.19,3.61,2.75
E02000942,Wandsworth,0.520941863,9598,0.054276085,0.078558033,0.182171227,0.029901707,6.85,3.68,2.57
E02000943,Wandsworth,0.113237459,8831,0.012822722,0.054920168,0.149054905,0.075458224,6.18,2.64,2.5
E02000944,Wandsworth,0.832523935,7207,0.115516017,0.064798113,0.29560949,0.129059117,7.41,6.06,3.59
E02000945,Wandsworth,0.968523002,8260,0.117254601,0.063317191,0.335275269,0.12191601,9.09,4.89,4.42
E02000946,Wandsworth,0.352360817,8514,0.041386049,0.050622504,0.20029301,0.120977828,7.11,3.62,3.04
E02000947,Wandsworth,0.332005312,9036,0.036742509,0.063413015,0.176095052,0.041152738,7.41,3.5,2.62
E02000948,Wandsworth,0.705716302,9919,0.071147928,0.057868737,0.156020018,0.088488407,6.83,3.37,3.21
E02000949,Wandsworth,0.596006755,10067,0.059204009,0.066653422,0.1710068,0.052830189,6.64,3.01,2.84
E02000950,Wandsworth,0.265428003,7535,0.035226012,0.077239549,0.229802095,0.061097915,6.8,4.7,2.95
E02000951,Wandsworth,0.306889673,6517,0.047090636,0.069050176,0.187331866,0.097744361,6.91,3.04,3.12
E02000952,Wandsworth,0.327171602,6113,0.053520628,0.069033208,0.172005384,0.103723829,7.16,3.29,3.27
E02000953,Wandsworth,0.127372309,7851,0.016223705,0.044070819,0.257999099,0.096555618,8.69,4.22,3.83
E02000954,Wandsworth,0.481463649,6231,0.077269082,0.080725405,0.234528629,0.125991601,9.14,4.69,4.73
E02000955,Wandsworth,0.458155162,6548,0.069968717,0.082162492,0.263884531,0.154304438,8.66,4.89,4.68
E02000956,Wandsworth,0.368053,8151,0.045154337,0.05520795,0.295581513,0.180791694,8.47,4.61,4.62
E02000957,Wandsworth,0.181175831,11039,0.016412341,0.059153909,0.266507828,0.142128624,7.4,4.56,4.29
E02000958,Wandsworth,0.693882271,8647,0.080245434,0.085347519,0.261149653,0.142062628,8.91,4.76,4.48
E02000959,Wandsworth,0.35984167,8337,0.043162009,0.057214825,0.278843481,0.229641919,9.54,4.66,4.52
E02000960,Westminster,0.360750361,8316,0.043380274,0.126503127,0.170731707,0.032930514,6.99,3.13,2.66
E02000961,Westminster,0.534188034,11232,0.047559476,0.085292023,0.170613934,0.056661724,8.14,4.36,3.69
E02000962,Westminster,0.970308558,10306,0.09414987,0.123714341,0.158195021,0.055890538,7.91,4.18,3.52
E02000963,Westminster,0.813522553,11063,0.073535438,0.079905993,0.279770445,0.200714079,10.22,7.43,5.79
E02000964,Westminster,0.586381294,13643,0.042980378,0.065601407,0.230239366,0.177065902,9.34,6.56,5.07
E02000965,Westminster,0.318437533,9421,0.033800821,0.05031313,0.149035652,0.082647502,7.73,4.56,3.73
E02000966,Westminster,0.177999288,11236,0.015841873,0.082146671,0.137300592,0.040585084,7.52,4.45,3.61
E02000967,Westminster,0.400721298,9982,0.04014439,0.079042276,0.130759651,0.03306352,7.42,3.17,2.94
E02000968,Westminster,0.816890788,15914,0.051331581,0.089292447,0.276094276,0.132817941,9.15,6.65,5.71
E02000969,Westminster,0.923531585,10828,0.085291059,0.074898412,0.307692308,0.16046736,8.88,6.19,4.75
E02000970,Westminster,0.181011856,11049,0.016382646,0.089510363,0.127858815,0.027830346,7.66,2.91,2.89
E02000971,Westminster,0.41467966,9646,0.042989805,0.08532034,0.13876843,0.035323501,7.22,3.94,3.12
E02000972,Westminster,0.370988685,10782,0.034408151,0.065850492,0.21143882,0.050282011,6.45,2.89,2.8
E02000973,Westminster,0.087275266,11458,0.007616972,0.076714959,0.149196249,0.061744301,7.06,3.43,3.01
E02000974,Westminster,0.102124183,9792,0.010429349,0.090175654,0.163966143,0.049238117,7.95,5,3.76
E02000975,Westminster,0.481463649,10385,0.046361449,0.060375542,0.132986627,0.030261505,6.78,3.96,3.35
E02000976,Westminster,0.357174748,11199,0.03189345,0.073399411,0.156754838,0.048662779,6.92,3.5,3.07
E02000977,Westminster,0.135722041,7368,0.018420472,0.107084691,0.19320453,0.036315087,7.04,3.72,3.1
E02000978,Westminster,0.352640395,11343,0.031088812,0.093008904,0.139995395,0.02394822,5.56,1.94,1.61
E02000979,Westminster,0.776020953,10309,0.075276065,0.090503444,0.163623916,0.062368519,8.05,4.51,3.61
E02000980,Westminster,0.56264066,10664,0.052760752,0.104744936,0.181417878,0.078650392,8.93,4.78,4.11
E02000981,Westminster,0.194005238,10309,0.018819016,0.078087108,0.126975764,0.047714381,8.87,4.04,3.61
E02000982,Westminster,0.539083558,9275,0.058122216,0.100053908,0.218951014,0.086311695,9.07,4.18,3.32
E02000983,Westminster,0.50999592,9804,0.052019168,0.109547124,0.191376528,0.07019208,8.91,3.88,3.61
E02006782,Bromley,1.004898882,7961,0.12622772,0.129380731,0.277303754,0.110355649,11.85,5.69,4.46
E02006783,Lewisham,0.523971706,7634,0.068636587,0.069295258,0.34209616,0.235016648,11.41,6.24,5.28
E02006784,Lewisham,0.490136013,8161,0.060058328,0.100968019,0.341734861,0.242831907,12.18,6.56,5.84
E02006785,Bexley,0.450112528,6665,0.067533763,0.134583646,0.286531987,0.059837093,13.64,9.44,5.1
E02006786,Greenwich,0.132837407,7528,0.017645777,0.072396387,0.321076822,0.237017697,14.13,9.69,6.49
E02006787,Bromley,0.246487552,8114,0.030378057,0.101059896,0.252730505,0.050302871,10.91,4.4,3.86
E02006788,Croydon,0.390320062,7686,0.05078325,0.068566224,0.307066008,0.307579787,10.63,5.54,4.93
E02006789,Bromley,0.311380975,6423,0.048479056,0.199750895,0.262973575,0.008556316,15.89,6.14,4.53
E02006791,Ealing,0.583345486,6857,0.085072989,0.076418259,0.181977034,0.075696617,9.24,5.37,3.33
E02006792,Hounslow,0.678656261,8841,0.076762387,0.108585002,0.188871161,0.038007864,8.96,5.57,3.26
E02006793,Enfield,0.880798591,10218,0.086200684,0.055000979,0.36686208,0.318140997,10.94,7.7,6.35
E02006794,Haringey,0.81366965,8603,0.094579757,0.061025224,0.324092152,0.391732822,11.83,10.37,6.64
E02006795,Harrow,1.368840219,8036,0.170338504,0.096814335,0.247383201,0.057976366,14.25,6,8.73
E02006796,Hillingdon,0.216052717,9257,0.023339388,0.104677541,0.261345125,0.053330173,11.87,4.91,4.71
E02006798,Lewisham,1.110562685,8104,0.137038831,0.041707799,0.315878856,0.371886592,8.56,6.1,4.22
E02006799,Barking and Dagenham,0.451589595,11072,0.040786633,0.068190029,0.320207254,0.147908979,10.96,8.22,5.82
E02006800,Redbridge,0.689464975,14504,0.047536195,0.056811914,0.272545817,0.109878338,9.84,6.05,6.59
E02006801,Lambeth,0,10987,0,0.052516611,0.220395468,0.125727014,6.27,4,2.91
E02006802,Southwark,0.870430241,8042,0.108235544,0.046505844,0.250610252,0.192482768,9.4,6.44,4.59
E02006836,Sutton,0.944844691,8467,0.111591436,0.175977324,0.251630041,0.022249093,11.73,4.44,4.44
E02006853,Tower Hamlets,0.283822138,10570,0.026851669,0.027057711,0.175397446,0.077293318,5.16,3.95,3.21
E02006854,Tower Hamlets,0.124533001,8030,0.015508468,0.019053549,0.129877071,0.052694204,4.92,3.85,3.2
E02006882,Harrow,0.632777895,14223,0.044489763,0.119595022,0.242500701,0.072738818,11.76,5.67,7.55
E02006918,Hackney,0.21486893,9308,0.023084329,0.041684572,0.281169666,0.322165287,8.4,7.9,4.54
E02006921,Hackney,0.696055684,8620,0.080748919,0.048143852,0.306392359,0.261751033,9.87,8.28,5.1
E02006924,Redbridge,0.511210107,13693,0.037333682,0.098882641,0.25642883,0.080985915,10.46,6.21,7.49
E02006925,Redbridge,0.705168888,14181,0.049726316,0.106903603,0.275770192,0.047277396,11.43,4.69,6.83
E02006927,Greenwich,0.887311446,10143,0.087480178,0.115153308,0.26131743,0.129284426,11.28,5.32,4.19
E02006928,Greenwich,0.084545147,11828,0.007147882,0.022404464,0.231256891,0.17368206,6.71,3.96,3.03
E02006929,Greenwich,0.412337127,12126,0.034004381,0.044862279,0.225935162,0.124566088,7.14,3.89,3.05
E02006930,Greenwich,0.224517288,8908,0.025204006,0.052312528,0.207739308,0.057003506,8.29,3.84,3.17
E02006931,Greenwich,0.618110642,9707,0.063676794,0.084578139,0.204021289,0.121706945,8.2,4.29,3.92
